id;date;actor1;actor2;numEvent;goldenstein;numMen;numSource;numArticle;avgTone;url
253461151;20120401;FRA;IDN;70;7;5;1;5;0.795228628;http://www.thejakartapost.com/news/2013/04/01/seismic-survey-completed-chevron-expand-west-papua.html
253461153;20120401;GBR;WST;72;8.3;20;2;20;1.411115857;http://www.scotsman.com/news/uk/speeding-up-cuts-will-hit-afghan-confidence-1-2871459
253461350;20120401;USA;IDN;20;3;8;1;8;2.466367713;http://www.forbesadvocate.com.au/story/1402234/take-more-official-refugees-indonesia-says/?cs=7
253461351;20120401;USA;IDN;20;3;2;1;2;2.466367713;http://www.forbesadvocate.com.au/story/1402234/take-more-official-refugees-indonesia-says/?cs=7
253461364;20120401;USA;USA;20;3;1;1;1;6.572769953;http://timesofindia.indiatimes.com/tech/tech-news/internet/Google-faces-flak-over-Easter-days-doodle/articleshow/19322033.cms
253461608;20130302;USA;USA;20;3;4;1;4;1.718845918;http://www.bloomberg.com/news/2013-04-01/airline-returns-refute-buffett-aversion-to-u-s-carriers.html
253461627;20130302;USA;USA;20;3;10;2;10;3.332780328;http://www.businessweek.com/news/2013-04-01/exxon-arkansas-spill-raises-scrutiny-of-keystone-pipeline
253461628;20130302;USA;USA;20;3;10;2;10;3.360565246;http://www.post-gazette.com/stories/news/us/exxons-arkansas-spill-raises-criticism-of-keystone-pipeline-681746/
253461710;20130325;CAN;USA;71;7.4;2;1;2;0.766871166;http://www.montrealgazette.com/business/Investing+Strategy+Canadians+indirectly+dearly+their+mutual/8179663/story.html
253461714;20130325;CMR;CAF;233;3.4;16;4;16;1.781832055;http://www.trust.org/alertnet/news/cafrican-republic-opposition-says-to-boycott-new-government
253461715;20130325;CMR;CAF;233;3.4;16;4;16;1.781832055;http://www.trust.org/alertnet/news/cafrican-republic-opposition-says-to-boycott-new-government
253461716;20130325;CMR;CAF;233;3.4;48;4;48;1.781832055;http://www.trust.org/alertnet/news/cafrican-republic-opposition-says-to-boycott-new-government
253461751;20130325;GBR;GBR;20;3;2;1;2;2.008032129;http://www.dailymail.co.uk/health/article-2302274/NHS-111-helpline-Service-launch-ONE-area-tomorrow-grave-concerns-safety.html?ITO=1490&ns_mchannel=rss&ns_campaign=1490
253461752;20130325;GBR;GBR;20;3;2;1;2;2.008032129;http://www.dailymail.co.uk/health/article-2302274/NHS-111-helpline-Service-launch-ONE-area-tomorrow-grave-concerns-safety.html?ITO=1490&ns_mchannel=rss&ns_campaign=1490
253461806;20130325;IND;CHN;20;3;15;1;15;1.29316652;http://www.washingtonpost.com/world/asia_pacific/indian-states-fight-over-river-usage/2013/04/01/73026ae0-9895-11e2-b68f-dc5c4b47e519_story.html?wprss=rss_world
253461860;20130325;KOR;PRK;20;3;10;4;10;1.69564148;http://in.reuters.com/article/2013/04/01/korea-north-idINDEE9300D820130401?feedType=RSS&feedName=worldNews
253461861;20130325;KOR;PRK;20;3;8;3;8;1.732621498;http://in.reuters.com/article/2013/04/01/korea-north-idINDEE9300D820130401?feedType=RSS&feedName=worldNews
253461862;20130325;KOR;PRK;20;3;2;1;2;1.54772141;http://www.firstpost.com/world/south-korea-vows-fast-response-to-north-u-s-positions-destroyer-682184.html
253461863;20130325;KOR;USA;20;3;10;1;10;0;BBC Monitoring
253461864;20130325;KOR;USA;20;3;10;1;10;0;BBC Monitoring
253461867;20130325;KOR;PRK;20;3;30;4;30;1.69564148;http://in.reuters.com/article/2013/04/01/korea-north-idINDEE9300D820130401?feedType=RSS&feedName=worldNews
253461982;20130325;SYR;TUR;20;3;2;1;2;2.083333333;http://latitude.blogs.nytimes.com/2013/04/01/could-syrias-kurds-change-the-course-of-the-civil-war/?partner=rss&emc=rss
253461983;20130325;SYR;TUR;20;3;2;1;2;2.083333333;http://latitude.blogs.nytimes.com/2013/04/01/could-syrias-kurds-change-the-course-of-the-civil-war/?partner=rss&emc=rss
253462028;20130325;USA;USA;25;-0.3;2;1;2;1.377952756;http://www.csmonitor.com/USA/Latest-News-Wires/2013/0401/Connecticut-reaches-deal-on-tough-gun-laws-3-months-after-Newtown
253462029;20130325;USA;USA;25;-0.3;2;1;2;1.377952756;http://www.csmonitor.com/USA/Latest-News-Wires/2013/0401/Connecticut-reaches-deal-on-tough-gun-laws-3-months-after-Newtown
253462047;20130325;USA;IRQ;25;-0.3;4;1;4;1.334173664;http://www.theglobeandmail.com/news/politics/in-iraq-john-baird-works-to-rebuild-diplomatic-and-economic-ties/article10600564/?cmpid=rss1
253462048;20130325;USA;IRQ;25;-0.3;16;1;16;1.334173664;http://www.theglobeandmail.com/news/politics/in-iraq-john-baird-works-to-rebuild-diplomatic-and-economic-ties/article10600564/?cmpid=rss1
253462146;20130331;CYP;CYP;70;7;6;1;6;0;BBC Monitoring
253462248;20130331;USA;JPN;20;3;2;1;2;4.054054054;http://www.bloomberg.com/news/2013-04-01/caroline-kennedy-said-to-be-obama-choice-for-japan-envoy.html
253465143;20130401;AFG;AFG;72;8.3;3;1;3;0;BBC Monitoring
253465150;20130401;AFG;AFG;72;8.3;4;1;4;0;BBC Monitoring
253465208;20130401;AFG;GBR;73;7.4;6;1;6;1.630434783;http://www.independent.co.uk/news/world/asia/afghan-militaryequipment-is-airlifted-backto-britain-8556206.html
253465209;20130401;AFG;GBR;73;7.4;2;1;2;1.630434783;http://www.independent.co.uk/news/world/asia/afghan-militaryequipment-is-airlifted-backto-britain-8556206.html
253465272;20130401;AFG;PAK;20;3;8;1;8;0;BBC Monitoring
253465321;20130401;AFG;PHL;72;8.3;7;1;7;4.270462633;http://www.philippinetimes.com/index.php/sid/213532697/scat/2411cd3571b4f088
253465366;20130401;AFG;USA;70;7;1;1;1;1.277139208;http://www.startribune.com/world/200855621.html
253465395;20130401;AFG;USA;71;7.4;12;1;12;3.579952267;http://in.reuters.com/article/2013/04/02/people-angleina-jolie-idINDEE93101720130402
253465418;20130401;AFG;AFG;72;8.3;10;1;10;1.587301587;http://www.bignewsnetwork.com/index.php/sid/213530996/scat/6e1d5c8e1f98f17c
253465433;20130401;AFG;PAK;25;-0.3;10;1;10;2.34375;http://www.khaama.com/kabul-worried-over-pakistans-unilateral-activies-in-duraland-line-2320
253465555;20130401;AFR;CAF;256;-0.3;8;1;8;2.537313433;http://www.npr.org/templates/story/story.php?storyId=175920843&ft=1&f=
253465556;20130401;AFR;CAF;256;-0.3;2;1;2;2.023121387;http://www.news24.com/SouthAfrica/Politics/DAs-CAR-call-misguided-ANC-20130401
253465557;20130401;AFR;CAF;256;-0.3;2;1;2;2.537313433;http://www.npr.org/templates/story/story.php?storyId=175920843&ft=1&f=
253465561;20130401;AFR;CAF;70;7;1;1;1;2.464065708;http://www.bloomberg.com/news/2013-04-01/central-african-republic-leader-appoints-government.html
253465562;20130401;AFR;CAF;70;7;1;1;1;2.464065708;http://www.bloomberg.com/news/2013-04-01/central-african-republic-leader-appoints-government.html
253465581;20130401;AFR;COD;72;8.3;4;1;4;2.023121387;http://www.news24.com/SouthAfrica/Politics/DAs-CAR-call-misguided-ANC-20130401
253465590;20130401;AFR;GBR;20;3;10;1;10;1.866666667;http://allafrica.com/stories/201304010164.html
253465629;20130401;AFR;RUS;20;3;1;1;1;2.083333333;http://72.167.255.126/index.php?sid=6&aid=110&dir=2013/March/Wednesday27
253465630;20130401;AFR;RUS;20;3;2;1;2;2.083333333;http://72.167.255.126/index.php?sid=6&aid=110&dir=2013/March/Wednesday27
253465635;20130401;AFR;UGA;72;8.3;2;1;2;2.023121387;http://www.news24.com/SouthAfrica/Politics/DAs-CAR-call-misguided-ANC-20130401
253465636;20130401;AFR;UGA;72;8.3;2;1;2;2.023121387;http://www.news24.com/SouthAfrica/Politics/DAs-CAR-call-misguided-ANC-20130401
253465637;20130401;AFR;USA;20;3;10;1;10;1.866666667;http://allafrica.com/stories/201304010164.html
253465645;20130401;AFR;ZAF;20;3;8;1;8;2.064896755;http://www.bbc.co.uk/news/world-africa-21997435
253465646;20130401;AFR;ZAF;232;3.4;2;1;2;2.023121387;http://www.news24.com/SouthAfrica/Politics/DAs-CAR-call-misguided-ANC-20130401
253465654;20130401;AFR;ZAF;20;3;4;1;4;4.895104895;http://www.guardian.co.uk/world/2013/apr/01/amina-cachalia-mandela-marriage-proposal
253465656;20130401;AFR;ZAF;20;3;2;1;2;2.537313433;http://www.npr.org/templates/story/story.php?storyId=175920843&ft=1&f=
253465657;20130401;AFR;ZAF;20;3;6;1;6;2.537313433;http://www.npr.org/templates/story/story.php?storyId=175920843&ft=1&f=
253465658;20130401;AFR;ZAF;20;3;2;1;2;2.537313433;http://www.npr.org/templates/story/story.php?storyId=175920843&ft=1&f=
253465659;20130401;AFR;ZAF;70;7;2;1;2;2.464065708;http://www.bloomberg.com/news/2013-04-01/central-african-republic-leader-appoints-government.html
253465664;20130401;AFR;CAF;72;8.3;4;2;4;2.100219385;http://www.sbs.com.au/news/article/1752028/Rebels-oppn-form-govt-in-Central-Africa
253465665;20130401;AFR;CAF;72;8.3;16;2;16;2.100219385;http://www.sbs.com.au/news/article/1752028/Rebels-oppn-form-govt-in-Central-Africa
253465674;20130401;AFR;ZAF;232;3.4;4;2;4;2.100219385;http://www.sbs.com.au/news/article/1752028/Rebels-oppn-form-govt-in-Central-Africa
253465675;20130401;AFR;ZAF;232;3.4;16;2;16;2.100219385;http://www.sbs.com.au/news/article/1752028/Rebels-oppn-form-govt-in-Central-Africa
253465733;20130401;ALB;MKD;20;3;2;1;2;0;BBC Monitoring
253465740;20130401;ALB;MKD;20;3;6;1;6;0;BBC Monitoring
253465773;20130401;ARE;AFR;26;4;4;1;4;3.557312253;http://www.ameinfo.com/dubai-chamber-hosts-organising-committee-meeting-335694
253465816;20130401;ARE;USA;70;7;4;1;4;7.835820896;http://www.ameinfo.com/united-arab-bank-recognised-trade-export-335699
253465825;20130401;ARE;AFR;26;4;6;1;6;3.557312253;http://www.ameinfo.com/dubai-chamber-hosts-organising-committee-meeting-335694
253466046;20130401;AUS;AUS;20;3;2;1;2;2.815013405;http://www.stockjournal.com.au/news/agriculture/general/opinion/carbon-price-future-unknown/2652359.aspx?src=rss
253466097;20130401;AUS;GBR;75;7;1;1;1;1.25;http://www.policymic.com/articles/32175/julian-assange-case-top-prosecutor-quits-case-while-assange-continues-to-hide-in-ecuadorian-embassy
253466098;20130401;AUS;GBR;75;7;1;1;1;1.25;http://www.policymic.com/articles/32175/julian-assange-case-top-prosecutor-quits-case-while-assange-continues-to-hide-in-ecuadorian-embassy
253466151;20130401;AUS;PRK;20;3;10;1;10;2.097902098;http://www.forbesadvocate.com.au/story/1402105/australia-urges-tighter-ban-on-north-korea/?cs=7
253466157;20130401;AUS;SWE;75;7;1;1;1;1.25;http://www.policymic.com/articles/32175/julian-assange-case-top-prosecutor-quits-case-while-assange-continues-to-hide-in-ecuadorian-embassy
253466158;20130401;AUS;SWE;75;7;1;1;1;1.25;http://www.policymic.com/articles/32175/julian-assange-case-top-prosecutor-quits-case-while-assange-continues-to-hide-in-ecuadorian-embassy
253466182;20130401;AUS;AUS;20;3;5;1;5;1.44092219;http://www.news.com.au/breaking-news/police-recruits-sidelined-in-push-for-more-protective-services-officers/story-e6frfkp9-1226610468240?from=public_rss
253466199;20130401;AUS;ISR;20;3;8;1;8;5.263157895;http://www.haaretz.com/news/diplomacy-defense/shake-up-in-canberra-government-could-bolster-ties-with-israel.premium-1.512923?localLinksEnabled=false
253466216;20130401;AUS;AUS;20;3;8;4;8;0.929684184;http://www.perthnow.com.au/news/breaking-news/nsw-mardi-gras-man-to-defend-charges/story-fnhrvfuw-1226610778121?from=public_rss
253466278;20130401;AZE;AZE;71;7.4;10;1;10;0;http://en.trend.az/news/politics/2134277.html
253466290;20130401;AZE;FRA;20;3;4;1;4;2.112676056;http://en.trend.az/news/society/2134366.html
253466407;20130401;BGD;BGD;72;8.3;10;1;10;3.875968992;http://www.thefinancialexpress-bd.com/index.php?ref=MjBfMDRfMDJfMTNfMV8zXzE2NTA4MQ%3D%3D&utm_source=feedburner&utm_medium=feed&utm_campaign=Feed%3A+thefinancialexpress-bd%2FIouH+%28The+Financial+Express%29
253466420;20130401;BGD;MYS;20;3;10;1;10;0.657894737;http://biz.thestar.com.my/news/story.asp?file=/2013/4/2/business/12914964&sec=business
253466535;20130401;BLR;BLR;20;3;2;1;2;0;BBC Monitoring
253466619;20130401;BRA;NAM;20;3;16;1;16;1.442307692;http://www.xe.com/news/2013/04/01/3283169.htm?utm_source=RSS&utm_medium=TL&utm_content=NOGEO&utm_campaign=News_RSS_Art18
253466620;20130401;BRA;NAM;20;3;4;1;4;1.442307692;http://www.xe.com/news/2013/04/01/3283169.htm?utm_source=RSS&utm_medium=TL&utm_content=NOGEO&utm_campaign=News_RSS_Art18
253466635;20130401;BRA;BRA;20;3;2;1;2;2.687569989;http://www.geekosystem.com/cicadas-to-swarm-and-be-tracked/
253467545;20130401;CAF;AFR;232;3.4;4;1;4;2.023121387;http://www.news24.com/SouthAfrica/Politics/DAs-CAR-call-misguided-ANC-20130401
253467546;20130401;CAF;AFR;256;-0.3;2;1;2;2.023121387;http://www.news24.com/SouthAfrica/Politics/DAs-CAR-call-misguided-ANC-20130401
253467547;20130401;CAF;AFR;256;-0.3;2;1;2;2.023121387;http://www.news24.com/SouthAfrica/Politics/DAs-CAR-call-misguided-ANC-20130401
253467585;20130401;CAF;ZAF;232;3.4;2;1;2;2.023121387;http://www.news24.com/SouthAfrica/Politics/DAs-CAR-call-misguided-ANC-20130401
253467586;20130401;CAF;ZAF;256;-0.3;2;1;2;2.023121387;http://www.news24.com/SouthAfrica/Politics/DAs-CAR-call-misguided-ANC-20130401
253467728;20130401;CAN;CAN;20;3;5;1;5;3.436426117;http://www.obj.ca/Canada---World/2013-04-01/article-3211407/Ontario-unfairly-strained-by-$11B-fiscal-gap:-report/1
253467733;20130401;CAN;CAN;20;3;2;1;2;1.709401709;http://www.montrealgazette.com/life/Province+urged+step+fight+against+elder+abuse/8179585/story.html
253467734;20130401;CAN;CAN;231;3.4;2;1;2;6.306306306;http://www.ctvnews.ca/canada/vancouver-search-and-rescue-force-loses-federal-funding-1.1218688
253467823;20130401;CAN;KWT;71;7.4;10;1;10;2.517162471;http://www.theglobeandmail.com/news/world/syria-live/ottawa-helps-syrias-refugees-but-wont-do-anything-to-end-the-war/article10618556/?cmpid=rss1
253467846;20130401;CAN;PSE;71;7.4;2;1;2;0.76754386;http://www.theglobeandmail.com/news/world/search-for-palestinian-authoritys-missing-millions-leads-to-canada/article10600170/?cmpid=rss1
253467847;20130401;CAN;PSE;20;3;2;1;2;0.76754386;http://www.theglobeandmail.com/news/world/search-for-palestinian-authoritys-missing-millions-leads-to-canada/article10600170/?cmpid=rss1
253467858;20130401;CAN;USA;20;3;2;1;2;3.963963964;http://www.prnewswire.com/news-releases/bioniche-life-sciences-inc-regains-sponsorship-of-urocidin-200935911.html
253467859;20130401;CAN;USA;20;3;8;1;8;3.963963964;http://www.prnewswire.com/news-releases/bioniche-life-sciences-inc-regains-sponsorship-of-urocidin-200935911.html
253467860;20130401;CAN;USA;20;3;8;1;8;4.31423231;http://www.cnn.com/2013/04/01/living/native-fashion-beyond-buckskin/index.html?eref=rss_mostpopular&utm_source=feedburner&utm_medium=feed&utm_campaign=Feed%3A+rss%2Fcnn_mostpopular+%28RSS%3A+Most+Popular%29
253467888;20130401;CAN;CAN;20;3;20;2;20;2.968213058;http://www.theglobeandmail.com/news/national/ontario-unfairly-strained-by-11-billion-fiscal-gap-report/article10624159/?cmpid=rss1
253467889;20130401;CAN;CAN;70;7;10;1;10;3.963963964;http://www.prnewswire.com/news-releases/bioniche-life-sciences-inc-regains-sponsorship-of-urocidin-200935911.html
253467891;20130401;CAN;USA;20;3;20;2;20;2.801102712;http://www.theglobeandmail.com/report-on-business/international-business/us-business/arkansas-spill-shows-potential-for-keystone-nightmare-group-warns/article10642493/?cmpid=rss1
253467895;20130401;CAN;CAN;20;3;6;1;6;3.422053232;http://thecabin.net/interact/letters/2013-04-01/still-want-keystone-xl
253467924;20130401;CAN;CAN;231;3.4;6;1;6;6.306306306;http://www.ctvnews.ca/canada/vancouver-search-and-rescue-force-loses-federal-funding-1.1218688
253467927;20130401;CAN;CAN;71;7.4;10;1;10;4.287138584;http://www.theglobeandmail.com/report-on-business/small-business/starting-out/new-visa-program-aims-to-lure-top-foreign-entrepreneurs/article10569573/?cmpid=rss1
253467951;20130401;CAN;PSE;71;7.4;6;1;6;0.76754386;http://www.theglobeandmail.com/news/world/search-for-palestinian-authoritys-missing-millions-leads-to-canada/article10600170/?cmpid=rss1
253468049;20130401;CHE;CHE;20;3;16;4;16;3.674049408;http://www.gmanetwork.com/news/story/301914/economy/companies/novartis-loses-landmark-india-patent-case-on-glivec
253468161;20130401;CHN;AFR;20;3;10;1;10;2.063106796;http://www.marketwatch.com/story/brics-nations-slowly-creating-a-new-power-center-2013-04-01?siteid=rss&rss=1
253468165;20130401;CHN;AFR;71;7.4;10;1;10;2.881355932;http://www.rediff.com/business/column/column-the-many-problems-with-a-brics-bank/20130401.htm
253468173;20130401;CHN;BRA;71;7.4;2;1;2;2.063106796;http://www.marketwatch.com/story/brics-nations-slowly-creating-a-new-power-center-2013-04-01?siteid=rss&rss=1
253468174;20130401;CHN;BRA;71;7.4;3;1;3;2.063106796;http://www.marketwatch.com/story/brics-nations-slowly-creating-a-new-power-center-2013-04-01?siteid=rss&rss=1
253468218;20130401;CHN;CHN;71;7.4;2;1;2;0;BBC Monitoring
253468222;20130401;CHN;CHN;20;3;4;2;4;6.569567355;http://zeenews.india.com/news/world/chinese-army-urged-to-be-combat-ready_839096.html
253468223;20130401;CHN;CHN;20;3;2;1;2;0;BBC Monitoring
253468225;20130401;CHN;CHN;72;8.3;2;1;2;1.639344262;http://www.rediff.com/news/report/two-chinese-pilots-killed-in-su-27-fighter-crash/20130401.htm
253468344;20130401;CHN;PHL;20;3;2;1;2;5.485232068;http://www.philippinetimes.com/index.php/sid/213533423/scat/2411cd3571b4f088
253468350;20130401;CHN;PRK;20;3;29;1;29;2.254874512;http://edition.cnn.com/2013/04/01/world/asia/us-north-korea-radar/index.html?utm_source=feedburner&utm_medium=feed&utm_campaign=Feed%3A+rss%2Fedition_asia+%28RSS%3A+Asia%29
253468351;20130401;CHN;PRK;20;3;12;1;12;2.224992915;http://www.cnn.com/2013/04/01/world/asia/us-north-korea-radar/index.html?utm_source=feedburner&utm_medium=feed&utm_campaign=Feed%3A+rss%2Fcnn_latest+%28RSS%3A+Most+Recent%29
253468352;20130401;CHN;PRK;20;3;4;1;4;2.325533675;http://edition.cnn.com/2013/04/01/world/asia/us-north-korea-radar/index.html?utm_source=feedburner&utm_medium=feed&utm_campaign=Feed%3A+rss%2Fedition_asia+%28RSS%3A+Asia%29
253468360;20130401;CHN;RUS;20;3;4;2;4;2.328412328;http://www.asianage.com/international/south-korea-leader-vows-strong-retaliation-north-228
253468361;20130401;CHN;RUS;20;3;4;2;4;2.328412328;http://www.asianage.com/international/south-korea-leader-vows-strong-retaliation-north-228
253468362;20130401;CHN;RUS;20;3;12;2;12;2.328412328;http://www.asianage.com/international/south-korea-leader-vows-strong-retaliation-north-228
253468411;20130401;CHN;USA;20;3;2;1;2;3.417533432;http://rendezvous.blogs.nytimes.com/2013/04/01/canadas-latest-climate-change/?partner=rss&emc=rss
253468412;20130401;CHN;USA;20;3;2;1;2;3.417533432;http://rendezvous.blogs.nytimes.com/2013/04/01/canadas-latest-climate-change/?partner=rss&emc=rss
253468413;20130401;CHN;USA;20;3;6;1;6;3.417533432;http://rendezvous.blogs.nytimes.com/2013/04/01/canadas-latest-climate-change/?partner=rss&emc=rss
253468427;20130401;CHN;USA;71;7.4;10;1;10;0;BBC Monitoring
253468472;20130401;CHN;CHN;73;7.4;2;1;2;2.8;http://www.cbc.ca/news/world/story/2013/04/01/tibet-china-landslide-dead.html?cmp=rss
253468475;20130401;CHN;CHN;73;7.4;3;1;3;2.8;http://www.cbc.ca/news/world/story/2013/04/01/tibet-china-landslide-dead.html?cmp=rss
253468476;20130401;CHN;CHN;73;7.4;3;1;3;3.090909091;http://www.channelnewsasia.com/news/asiapacific/afp_asiapacific/hopes-fade-in-search-for-survivors-of-ti/622398.html
253468477;20130401;CHN;CHN;73;7.4;2;1;2;3.090909091;http://www.channelnewsasia.com/news/asiapacific/afp_asiapacific/hopes-fade-in-search-for-survivors-of-ti/622398.html
253468515;20130401;CHN;PHL;20;3;6;1;6;5.485232068;http://www.philippinetimes.com/index.php/sid/213533423/scat/2411cd3571b4f088
253468687;20130401;COD;COD;74;8.5;3;1;3;2.280130293;http://www.news24.com/Africa/News/SA-troops-moved-for-new-DRC-mission-20130401
253470247;20130401;CYP;CYP;20;3;10;1;10;0;BBC Monitoring
253470260;20130401;CYP;EUR;73;7.4;2;1;2;2.994011976;http://www.washingtonpost.com/business/russian-cabinet-member-says-it-has-no-plans-for-bailing-out-russian-depositors-in-cyprus/2013/04/01/e0b1d7ec-9abb-11e2-9219-51eb8387e8f1_story.html
253470284;20130401;CYP;RUS;20;3;9;1;9;2.235179786;http://www.nzherald.co.nz/world/news/article.cfm?c_id=2&objectid=10874800&ref=rss
253470309;20130401;CYP;CYP;70;7;2;1;2;0;BBC Monitoring
253470324;20130401;CYP;EUR;26;4;10;1;10;1.597444089;http://www.bloomberg.com/news/2013-04-01/cyprus-seeks-more-time-to-meet-targets-in-talks-with-troika.html
253470384;20130401;DEU;GRC;20;3;2;1;2;3.457446809;http://www.dw.de/study-disease-spreading-due-to-eurozone-crisis/a-16711822?maca=en-rss-en-all-1573-rdf
253470385;20130401;DEU;GRC;20;3;2;1;2;3.315649867;http://www.dw.de/study-disease-spreading-due-to-eurozone-crisis/a-16711822?maca=en-rss-en-eu-2092-rdf
253470399;20130401;DEU;KOR;20;3;8;1;8;3.634759165;http://www.dw.de/german-easter-marches-for-peace-log-dwindling-turnout/a-16713018?maca=en-rss-en-all-1573-rdf
253470400;20130401;DEU;KOR;20;3;12;1;12;3.634759165;http://www.dw.de/german-easter-marches-for-peace-log-dwindling-turnout/a-16713018?maca=en-rss-en-all-1573-rdf
253470422;20130401;DEU;RUS;73;7.4;4;1;4;0;BBC Monitoring
253470423;20130401;DEU;RUS;73;7.4;6;1;6;0;BBC Monitoring
253470437;20130401;DEU;USA;20;3;8;1;8;3.634759165;http://www.dw.de/german-easter-marches-for-peace-log-dwindling-turnout/a-16713018?maca=en-rss-en-all-1573-rdf
253470438;20130401;DEU;USA;20;3;12;1;12;3.634759165;http://www.dw.de/german-easter-marches-for-peace-log-dwindling-turnout/a-16713018?maca=en-rss-en-all-1573-rdf
253470439;20130401;DEU;USA;20;3;3;1;3;4.537521815;http://economictimes.indiatimes.com/tech/internet/youtube-shuts-google-sniffs-twitter-slims-in-april-fool-gags/articleshow/19326066.cms
253470440;20130401;DEU;USA;20;3;3;1;3;2.839116719;http://www.gulf-daily-news.com/NewsDetails.aspx?storyid=350674
253470465;20130401;DEU;GRC;20;3;2;1;2;3.457446809;http://www.dw.de/study-disease-spreading-due-to-eurozone-crisis/a-16711822?maca=en-rss-en-all-1573-rdf
253470466;20130401;DEU;GRC;20;3;2;1;2;3.315649867;http://www.dw.de/study-disease-spreading-due-to-eurozone-crisis/a-16711822?maca=en-rss-en-eu-2092-rdf
253470521;20130401;DZA;BHR;20;3;10;1;10;3.260869565;http://www.bna.bh/portal/en/news/554406
253470587;20130401;ECU;ECU;75;7;10;1;10;4.402515723;http://www.sbs.com.au/news/article/1752312/Barrister-to-run-Assanges-Senate-campaign
253470588;20130401;ECU;ECU;75;7;40;3;40;4.100529101;http://www.news.com.au/breaking-news/national/barrister-to-run-assanges-senate-campaign/story-e6frfku9-1226610701717?from=public_rss
253470589;20130401;ECU;SWE;75;7;1;1;1;1.25;http://www.policymic.com/articles/32175/julian-assange-case-top-prosecutor-quits-case-while-assange-continues-to-hide-in-ecuadorian-embassy
253470590;20130401;ECU;SWE;75;7;1;1;1;1.25;http://www.policymic.com/articles/32175/julian-assange-case-top-prosecutor-quits-case-while-assange-continues-to-hide-in-ecuadorian-embassy
253470591;20130401;ECU;SWE;75;7;1;1;1;1.25;http://www.policymic.com/articles/32175/julian-assange-case-top-prosecutor-quits-case-while-assange-continues-to-hide-in-ecuadorian-embassy
253471189;20130401;EGY;FRA;20;3;1;1;1;2.608695652;http://www.dailystar.com.lb/News/Middle-East/2013/Apr-01/212107-egypts-morsi-seeks-to-keep-strong-ties-with-france.ashx
253471190;20130401;EGY;FRA;20;3;1;1;1;2.608695652;http://www.dailystar.com.lb/News/Middle-East/2013/Apr-01/212107-egypts-morsi-seeks-to-keep-strong-ties-with-france.ashx
253471206;20130401;EGY;IRN;20;3;10;5;10;2.293452181;http://www.google.com/hostednews/ap/article/ALeqM5iGhOX_0v6DDz862qvbo0C1qlNVaw?docId=035ebe90d1d145f7bd55cc4ed261177c
253471207;20130401;EGY;IRN;20;3;8;4;8;2.258620604;http://www.google.com/hostednews/ap/article/ALeqM5iGhOX_0v6DDz862qvbo0C1qlNVaw?docId=035ebe90d1d145f7bd55cc4ed261177c
253471208;20130401;EGY;IRN;20;3;2;1;2;2.432778489;http://www.miamiherald.com/2013/04/01/3317957/iranian-tourists-in-egypt-showcase.html
253471237;20130401;EGY;JOR;20;3;16;1;16;2.270011947;http://www.jpost.com/Opinion/Op-EdContributors/Article.aspx?id=308354&R=R7
253471238;20130401;EGY;JOR;20;3;4;1;4;2.270011947;http://www.jpost.com/Opinion/Op-EdContributors/Article.aspx?id=308354&R=R7
253471305;20130401;EGY;SYR;20;3;1;1;1;2.608695652;http://www.dailystar.com.lb/News/Middle-East/2013/Apr-01/212107-egypts-morsi-seeks-to-keep-strong-ties-with-france.ashx
253471306;20130401;EGY;SYR;20;3;1;1;1;2.608695652;http://www.dailystar.com.lb/News/Middle-East/2013/Apr-01/212107-egypts-morsi-seeks-to-keep-strong-ties-with-france.ashx
253471315;20130401;EGY;EGY;25;-0.3;2;1;2;0;BBC Monitoring
253471424;20130401;ESP;CYP;20;3;10;1;10;0.956937799;http://www.nasdaq.com/article/forex-eurusd-erases-daily-losses-ahead-of-us-manufacturing-data-cm232201?utm_source=feedburner&utm_medium=feed&utm_campaign=Feed%3A+nasdaq%2Fcategories+%28Articles+by+Category%29
253471446;20130401;ESP;SYR;70;7;1;1;1;2.812071331;http://globalvoicesonline.org/2013/04/01/al-jazeera-amplifying-gv-womens-voices/
253471447;20130401;ESP;SYR;70;7;2;1;2;2.812071331;http://globalvoicesonline.org/2013/04/01/al-jazeera-amplifying-gv-womens-voices/
253471448;20130401;ESP;SYR;70;7;5;1;5;2.812071331;http://globalvoicesonline.org/2013/04/01/al-jazeera-amplifying-gv-womens-voices/
253471529;20130401;EUR;EUR;71;7.4;10;1;10;2.752293578;http://www.gmanetwork.com/news/story/301868/scitech/technology/robot-bee-swarms-our-servants-of-the-future
253471544;20130401;EUR;TUN;71;7.4;10;1;10;2.257336343;http://www.bloomberg.com/news/2013-04-01/tunisia-expects-1-8-billion-imf-accord-by-may.html
253471594;20130401;FJI;FJI;20;3;1;1;1;2.848101266;http://www.fijitimes.com/story.aspx?id=229846
253471666;20130401;FRA;DEU;72;8.3;5;1;5;0.993377483;http://www.bbc.co.uk/news/world-africa-21998398#sa-ns_mchannel=rss&ns_source=PublicRSS20-sa
253471674;20130401;FRA;EGY;20;3;1;1;1;2.608695652;http://www.dailystar.com.lb/News/Middle-East/2013/Apr-01/212107-egypts-morsi-seeks-to-keep-strong-ties-with-france.ashx
253471675;20130401;FRA;EGY;20;3;1;1;1;2.608695652;http://www.dailystar.com.lb/News/Middle-East/2013/Apr-01/212107-egypts-morsi-seeks-to-keep-strong-ties-with-france.ashx
253471681;20130401;FRA;ESP;72;8.3;3;1;3;0.993377483;http://www.bbc.co.uk/news/world-africa-21998398#sa-ns_mchannel=rss&ns_source=PublicRSS20-sa
253471682;20130401;FRA;ESP;72;8.3;2;1;2;0.993377483;http://www.bbc.co.uk/news/world-africa-21998398#sa-ns_mchannel=rss&ns_source=PublicRSS20-sa
253471728;20130401;FRA;MLI;72;8.3;2;1;2;0.183486239;http://news.kuwaittimes.net/2013/04/01/mali-troops-sweep-timbuktu-for-islamist-fighters-there-are-no-more-gunshots/
253471729;20130401;FRA;MLI;72;8.3;6;3;6;0.265037585;http://www.france24.com/en/20130401-calm-returns-timbuktu-clashes-islamists-mali?ns_campaign=editorial&ns_source=RSS_public&ns_mchannel=RSS&ns_fee=0&ns_linkname=20130401_calm_returns_timbuktu_clashes_islamists_mali
253471753;20130401;FRA;SYR;20;3;1;1;1;2.608695652;http://www.dailystar.com.lb/News/Middle-East/2013/Apr-01/212107-egypts-morsi-seeks-to-keep-strong-ties-with-france.ashx
253471754;20130401;FRA;SYR;20;3;1;1;1;2.608695652;http://www.dailystar.com.lb/News/Middle-East/2013/Apr-01/212107-egypts-morsi-seeks-to-keep-strong-ties-with-france.ashx
253471781;20130401;FRA;AZE;20;3;6;1;6;2.112676056;http://en.trend.az/news/society/2134366.html
253471793;20130401;FRA;FRA;71;7.4;1;1;1;2.392344498;http://www.reuters.com/article/2013/04/01/deals-day-idUSL3N0CO1L220130401?type=companyNews&feedType=RSS&feedName=companyNews
253471820;20130401;FSM;SDN;26;4;2;1;2;0;BBC Monitoring
253472004;20130401;GBR;ARM;20;3;2;1;2;3.793103448;http://news.am/eng/news/146896.html
253472005;20130401;GBR;ARM;20;3;2;1;2;3.793103448;http://news.am/eng/news/146896.html
253472007;20130401;GBR;AUS;20;3;3;1;3;2.341920375;http://www.khaleejtimes.com/kt-article-display-1.asp?xfile=data/aviation/2013/April/aviation_April1.xml&section=aviation
253472008;20130401;GBR;AUS;22;3.2;2;1;2;6.925675676;http://www.politico.com/story/2013/04/keep-the-internet-free-89464.html
253472009;20130401;GBR;AUS;22;3.2;3;1;3;6.925675676;http://www.politico.com/story/2013/04/keep-the-internet-free-89464.html
253472075;20130401;GBR;EUR;75;7;10;1;10;0;BBC Monitoring
253472082;20130401;GBR;GBR;20;3;2;1;2;2.653061224;http://www.independent.ie/world-news/europe/wyman-speaks-to-police-about-underage-affair-29166292.html
253472091;20130401;GBR;GBR;20;3;2;1;2;0.869565217;http://www.guardian.co.uk/uk/2013/apr/01/wales-frozen-sheep-snow
253472092;20130401;GBR;GBR;22;3.2;2;1;2;4.814814815;http://www.guardian.co.uk/law/2013/apr/01/support-women-raped-in-conflict
253472098;20130401;GBR;GBR;20;3;20;1;20;4.461538462;http://www.informationweek.com/nhs-needs-better-vision-of-digital-patie/240152025?cid=RSSfeed_IWK_All
253472099;20130401;GBR;GBR;20;3;4;1;4;1.280878317;http://www.dailymail.co.uk/news/article-2302146/111-NHS-Service-Girl-potentially-fatal-appendicitis-died-doctor-failed-parents-back.html?ITO=1490&ns_mchannel=rss&ns_campaign=1490
253472144;20130401;GBR;MDV;71;7.4;4;1;4;2.416356877;http://www.chicagotribune.com/news/local/suburbs/ct-tl-naperville-muscular-dystrophy-20130404,0,3736758.story?track=rss
253472193;20130401;GBR;TUR;73;7.4;2;1;2;1.020408163;http://www.jpost.com/DiplomacyAndPolitics/Article.aspx?id=308361&R=R9
253472194;20130401;GBR;TUR;73;7.4;2;1;2;1.020408163;http://www.jpost.com/DiplomacyAndPolitics/Article.aspx?id=308361&R=R9
253472195;20130401;GBR;TUR;73;7.4;12;1;12;1.020408163;http://www.jpost.com/DiplomacyAndPolitics/Article.aspx?id=308361&R=R9
253472233;20130401;GBR;GBR;28;4;10;1;10;3.357314149;http://www.bbc.co.uk/news/uk-wales-21993724#sa-ns_mchannel=rss&ns_source=PublicRSS20-sa
253472277;20130401;GBR;GBR;20;3;1;1;1;0.869565217;http://www.guardian.co.uk/uk/2013/apr/01/wales-frozen-sheep-snow
253472278;20130401;GBR;GBR;71;7.4;2;1;2;1.195219124;http://www.reuters.com/article/2013/04/01/deals-day-idUSL3N0CO1L220130401?feedType=RSS&feedName=mergersNews
253472279;20130401;GBR;GBR;73;7.4;6;1;6;3.536977492;http://zeenews.india.com/news/world/british-pm-turns-sheep-rescuer_839162.html
253474110;20130401;GRC;CAN;20;3;8;1;8;4.786923526;http://www.guardian.co.uk/world/2013/apr/01/greece-golden-dawn-global-ambitions
253474111;20130401;GRC;CAN;20;3;2;1;2;4.786923526;http://www.guardian.co.uk/world/2013/apr/01/greece-golden-dawn-global-ambitions
253474134;20130401;GRC;GRC;71;7.4;2;2;2;1.186615317;http://economictimes.indiatimes.com/news/international-business/greece-to-extend-bank-recapitalisation-deadline-central-bank-chief/articleshow/19335313.cms
253474135;20130401;GRC;GRC;71;7.4;2;2;2;1.186615317;http://economictimes.indiatimes.com/news/international-business/greece-to-extend-bank-recapitalisation-deadline-central-bank-chief/articleshow/19335313.cms
253474465;20130401;HTI;HTI;20;3;2;1;2;0;http://www.eenews.net/Greenwire/rss/2013/04/01/32
253474509;20130401;IDN;AUS;233;3.4;8;1;8;0.8;http://www.adelaidenow.com.au/news/national/bob-carr-wants-coalition-to-back-the-malaysia-people-swap-deal/story-fncz7kyc-1226610711360?from=public_rss
253474510;20130401;IDN;AUS;233;3.4;4;2;4;1.425056948;http://www.adelaidenow.com.au/news/national/bob-carr-wants-coalition-to-back-the-malaysia-people-swap-deal/story-fncz7kyc-1226610711360?from=public_rss
253474511;20130401;IDN;AUS;233;3.4;2;1;2;2.050113895;http://www.forbesadvocate.com.au/story/1402614/new-rewards-a-chance-for-asylum-seekers-to-win-on-points/?cs=7
253474512;20130401;IDN;AUS;233;3.4;6;1;6;2.050113895;http://www.forbesadvocate.com.au/story/1402614/new-rewards-a-chance-for-asylum-seekers-to-win-on-points/?cs=7
253474513;20130401;IDN;AUS;73;7.4;8;1;8;0.8;http://www.adelaidenow.com.au/news/national/bob-carr-wants-coalition-to-back-the-malaysia-people-swap-deal/story-fncz7kyc-1226610711360?from=public_rss
253474514;20130401;IDN;AUS;73;7.4;2;1;2;0.8;http://www.adelaidenow.com.au/news/national/bob-carr-wants-coalition-to-back-the-malaysia-people-swap-deal/story-fncz7kyc-1226610711360?from=public_rss
253474621;20130401;AFR;USA;20;3;2;1;2;2.543507363;http://abcnews.go.com/International/wireStory/african-republic-coup-leader-adds-roles-18852893
253474622;20130401;AFR;USA;20;3;16;2;16;2.540410398;http://www.npr.org/templates/story/story.php?storyId=175920843&ft=1&f=
253474623;20130401;AFR;USA;20;3;2;1;2;2.537313433;http://www.npr.org/templates/story/story.php?storyId=175920843&ft=1&f=
253474685;20130401;EUR;TJK;71;7.4;10;1;10;7.951807229;http://reliefweb.int/report/tajikistan/eu-and-who-support-improvement-pediatric-care-services
253474698;20130401;SEA;MYS;71;7.4;5;1;5;0;http://www.reuters.com/article/2013/04/01/markets-southeastasia-stocksnews-fundflo-idUSL3N0CO0M420130401
253474802;20130401;USA;JPN;20;3;6;2;6;2.957928087;http://www.news.com.au/breaking-news/world/caroline-kennedy-eyed-for-japan-ambassador/story-e6frfkui-1226610701720?from=public_rss
253474803;20130401;USA;JPN;20;3;2;1;2;3.232758621;http://www.google.com/hostednews/afp/article/ALeqM5gYokBB8haRu8isy6VHDG8-zALwiQ?docId=CNG.ea9518d299235855eaaf2a583db3cd31.8f1
253474804;20130401;USA;THA;20;3;4;1;4;3.058823529;http://www.bangkokpost.com/breakingnews/343510/caroline-kennedy-set-for-japan-ambassador-post
253474908;20130401;IND;BGD;20;3;2;1;2;0.657894737;http://biz.thestar.com.my/news/story.asp?file=/2013/4/2/business/12914964&sec=business
253474948;20130401;IND;DEU;20;3;2;1;2;1.804123711;http://timesofindia.indiatimes.com/india/Fungicide-purchase-Punjab-and-Haryana-high-court-issues-notices-to-Centre-Haryana/articleshow/19333567.cms
253474949;20130401;IND;DEU;20;3;2;1;2;1.804123711;http://timesofindia.indiatimes.com/india/Fungicide-purchase-Punjab-and-Haryana-high-court-issues-notices-to-Centre-Haryana/articleshow/19333567.cms
253474951;20130401;IND;DEU;20;3;2;1;2;1.804123711;http://timesofindia.indiatimes.com/india/Fungicide-purchase-Punjab-and-Haryana-high-court-issues-notices-to-Centre-Haryana/articleshow/19333567.cms
253475033;20130401;IND;CHE;20;3;4;1;4;6.493506494;http://www.nationmultimedia.com/breakingnews/India-court-rejects-Novartis-plea-for-cancer-drug--30203158.html
253475034;20130401;IND;CHE;20;3;2;1;2;6.493506494;http://www.nationmultimedia.com/breakingnews/India-court-rejects-Novartis-plea-for-cancer-drug--30203158.html
253475055;20130401;IND;SAU;20;3;6;1;6;1.259445844;http://timesofindia.indiatimes.com/nri/middle-east-news/Kerala-urges-Centre-to-seek-Saudi-Arabia-amnesty/articleshow/19320927.cms
253475056;20130401;IND;SAU;20;3;10;1;10;1.262626263;http://economictimes.indiatimes.com/news/politics-and-nation/kerala-urges-centre-to-seek-saudi-arabia-amnesty/articleshow/19321959.cms
253475059;20130401;IND;USA;20;3;3;1;3;2.160997771;http://www.thehindu.com/business/companies/licence-extension-fundamental-flaws-in-dots-rejection-says-vodafone/article4569617.ece
253475060;20130401;IND;USA;20;3;1;1;1;5.278174037;http://www.thehindu.com/business/companies/sc-decision-on-novartis-to-benefit-poor-patients-pharma-companies/article4569650.ece
253475097;20130401;IND;IND;20;3;2;1;2;0;BBC Monitoring
253475151;20130401;IRL;MOZ;70;7;6;1;6;3.144654088;http://www.breakingnews.ie/ireland/mozambique-to-benefit-from-largest-irish-aid-payout-589826.html
253475266;20130401;IRN;EGY;20;3;2;1;2;0;BBC Monitoring
253475267;20130401;IRN;EGY;25;-0.3;2;1;2;0;BBC Monitoring
253475282;20130401;IRN;EGY;25;-0.3;6;1;6;0;BBC Monitoring
253475382;20130401;IRN;SYR;70;7;10;1;10;0;BBC Monitoring
253475435;20130401;IRN;IRN;26;4;6;1;6;1.57480315;http://en.trend.az/news/politics/2134090.html
253475446;20130401;IRN;TUR;20;3;10;1;10;3.163017032;http://www.france24.com/en/20130329-focus-north-korea-fresh-threats-credible-empty-kim-jong-un-seoul-us-missiles-nuclear-pyongyang?ns_campaign=editorial&ns_source=RSS_public&ns_mchannel=RSS&ns_fee=0&ns_linkname=20130329_focus_north_korea_fresh_threats_cre
253475506;20130401;IRQ;CAN;74;8.5;2;1;2;1.503759398;http://www.upi.com/Top_News/World-News/2013/04/01/Canada-opens-diplomatic-mission-in-Iraq/UPI-69221364846593/
253475520;20130401;IRQ;CAN;74;8.5;6;1;6;1.503759398;http://www.upi.com/Top_News/World-News/2013/04/01/Canada-opens-diplomatic-mission-in-Iraq/UPI-69221364846593/
253475585;20130401;IRQ;IRQ;20;3;3;1;3;0;BBC Monitoring
253475599;20130401;IRQ;KWT;20;3;10;1;10;0;BBC Monitoring
253475624;20130401;IRQ;TUR;256;-0.3;2;1;2;3.821656051;http://oilprice.com/Geopolitics/Middle-East/TURKEY-IRAQI-KURDISTAN-Another-Step-Towards-Kurdish-Independence.html
253475635;20130401;IRQ;USA;73;7.4;4;1;4;4.020979021;http://www.nydailynews.com/news/national/jessica-lynch-haunted-iraq-10-years-rescue-article-1.1304808?localLinksEnabled=false
253475749;20130401;ISR;DEU;75;7;8;1;8;2.368421053;http://www.contracostatimes.com/business-headlines/ci_22916201/mercury-news-interview-meir-statman-santa-clara-university?source=rss
253475750;20130401;ISR;DEU;75;7;2;1;2;2.368421053;http://www.contracostatimes.com/business-headlines/ci_22916201/mercury-news-interview-meir-statman-santa-clara-university?source=rss
253475833;20130401;ISR;MMR;75;7;4;1;4;2.199816682;http://www.jpost.com/MiddleEast/Article.aspx?id=308298&R=R3
253475834;20130401;ISR;MMR;75;7;4;1;4;2.199816682;http://www.jpost.com/MiddleEast/Article.aspx?id=308298&R=R3
253475913;20130401;ISR;TUR;70;7;4;1;4;2.783505155;http://www.worldbulletin.net/?aType=haber&ArticleID=105685
253475914;20130401;ISR;TUR;70;7;4;1;4;2.783505155;http://www.worldbulletin.net/?aType=haber&ArticleID=105685
253475937;20130401;ISR;USA;26;4;4;1;4;0.4784689;http://www.jpost.com/MiddleEast/Article.aspx?id=308335&R=R3
253476055;20130401;ITA;ITA;20;3;3;1;3;0;BBC Monitoring
253476084;20130401;ITA;USA;70;7;1;1;1;4.049844237;http://www.salon.com/2013/04/01/ben_carson_compares_homosexuality_to_muder/
253476085;20130401;ITA;USA;70;7;1;1;1;4.049844237;http://www.salon.com/2013/04/01/ben_carson_compares_homosexuality_to_muder/
253476086;20130401;ITA;USA;70;7;4;1;4;4.049844237;http://www.salon.com/2013/04/01/ben_carson_compares_homosexuality_to_muder/
253476171;20130401;JOR;EGY;20;3;16;1;16;2.270011947;http://www.jpost.com/Opinion/Op-EdContributors/Article.aspx?id=308354&R=R7
253476172;20130401;JOR;EGY;20;3;4;1;4;2.270011947;http://www.jpost.com/Opinion/Op-EdContributors/Article.aspx?id=308354&R=R7
253476190;20130401;JOR;JOR;70;7;2;1;2;0;BBC Monitoring
253476242;20130401;JOR;ISR;71;7.4;3;1;3;0;BBC Monitoring
253476329;20130401;JPN;JPN;20;3;4;1;4;2.022058824;http://phys.org/news/2013-04-gravitational-lensing-peculiar-magatama-galaxy.html
253476389;20130401;JPN;USA;20;3;10;1;10;1.176470588;http://www.xe.com/news/2013/04/02/3283785.htm?utm_source=RSS&utm_medium=TL&utm_content=NOGEO&utm_campaign=News_RSS_Art20
253476419;20130401;JPN;USA;22;3.2;20;2;20;3.154024963;http://uk.reuters.com/article/2013/04/01/sumitomo-corp-lng-idUKL3N0CO13T20130401
253476432;20130401;JPN;USA;71;7.4;6;2;6;2.982295228;http://www.israelnationalnews.com/News/News.aspx/166686
253476454;20130401;JPN;GBR;20;3;8;1;8;2.173913043;http://www.upi.com/blog/2013/04/01/Record-setting-Roadrunner-supercomputer-obsolete-retiring/3001364833652/
253476455;20130401;JPN;JPN;20;3;2;1;2;2.173913043;http://www.upi.com/blog/2013/04/01/Record-setting-Roadrunner-supercomputer-obsolete-retiring/3001364833652/
253476464;20130401;JPN;USA;22;3.2;30;2;30;3.154024963;http://uk.reuters.com/article/2013/04/01/sumitomo-corp-lng-idUKL3N0CO13T20130401
253477175;20130401;KEN;AFR;20;3;10;1;10;0;BBC Monitoring
253477205;20130401;KEN;KEN;27;4;8;1;8;0;BBC Monitoring
253477223;20130401;KGZ;KGZ;20;3;2;1;2;0;BBC Monitoring
253477289;20130401;KOR;CHN;20;3;55;7;55;2.539131858;http://www.reuters.com/article/2013/04/01/us-korea-north-china-idUSBRE9300JO20130401?feedType=RSS&feedName=wtMostRead
253477318;20130401;KOR;KOR;26;4;4;1;4;1.457725948;http://www.globalsecurity.org/wmd/library/news/dprk/2013/dprk-130401-presstv01.htm
253477366;20130401;KOR;PRK;20;3;14;2;14;2.560390277;http://www.reuters.com/article/2013/03/31/korea-north-usa-f-idUSL2N0CN0BT20130331
253477367;20130401;KOR;PRK;20;3;2;1;2;2.43902439;http://www.csmonitor.com/USA/Latest-News-Wires/2013/0401/US-jets-to-South-Korea-F-22-Stealth-fighters-join-drills-video?utm_source=feedburner&utm_medium=feed&utm_campaign=Feed%3A+feeds%2Fusa+%28Christian+Science+Monitor+%7C+USA%29
253477368;20130401;KOR;PRK;20;3;2;1;2;2.255639098;http://www.panarmenian.net/eng/news/152256/
253477484;20130401;KOR;KOR;20;3;4;1;4;2.040816327;http://www.upi.com/Top_News/World-News/2013/04/01/Park-asks-military-to-be-tough/UPI-17701364795742/
253477523;20130401;KOR;KOR;26;4;6;1;6;1.457725948;http://www.globalsecurity.org/wmd/library/news/dprk/2013/dprk-130401-presstv01.htm
253477823;20130401;LBN;SYR;22;3.2;6;1;6;3.167420814;http://www.upi.com/Top_News/Special/2013/04/01/Hezbollah-lobbies-for-status-quo/UPI-70421364822994/
253477824;20130401;LBN;SYR;22;3.2;2;1;2;3.167420814;http://www.upi.com/Top_News/Special/2013/04/01/Hezbollah-lobbies-for-status-quo/UPI-70421364822994/
253477825;20130401;LBN;SYR;22;3.2;2;1;2;3.167420814;http://www.upi.com/Top_News/Special/2013/04/01/Hezbollah-lobbies-for-status-quo/UPI-70421364822994/
253478381;20130401;MCO;GBR;20;3;4;1;4;4.938271605;http://www.dailymail.co.uk/femail/article-2302349/At-56-new-grandmother-Princess-Caroline-Monaco-looks-age-dresses-visit-grandson-London.html?ITO=1490&ns_mchannel=rss&ns_campaign=1490
253478382;20130401;MCO;GBR;20;3;6;1;6;4.938271605;http://www.dailymail.co.uk/femail/article-2302349/At-56-new-grandmother-Princess-Caroline-Monaco-looks-age-dresses-visit-grandson-London.html?ITO=1490&ns_mchannel=rss&ns_campaign=1490
253479412;20130401;MLI;MLI;20;3;2;1;2;0;BBC Monitoring
253479453;20130401;MMR;ISR;75;7;4;1;4;2.199816682;http://www.jpost.com/MiddleEast/Article.aspx?id=308298&R=R3
253479454;20130401;MMR;ISR;75;7;4;1;4;2.199816682;http://www.jpost.com/MiddleEast/Article.aspx?id=308298&R=R3
253479534;20130401;CAN;USA;20;3;10;1;10;0;http://earthfix.opb.org/energy/article/oil-company-with-megaloads-to-start-production/
253479767;20130401;USA;BRA;71;7.4;10;1;10;0.763358779;http://www.forbes.com/sites/kenrapoza/2013/04/01/on-deficits-brazil-walks-a-fine-line/
253479789;20130401;USA;JPN;71;7.4;16;1;16;1.166180758;http://finance.yahoo.com/news/ex-morgan-stanley-manager-launches-072603637.html
253479800;20130401;USA;CAN;20;3;32;2;32;1.363568994;http://www.reuters.com/article/2013/04/01/fis-refinancing-idUSL2N0CO1M920130401?type=companyNews&feedType=RSS&feedName=companyNews
253479803;20130401;USA;PHL;70;7;8;1;8;3.32326284;http://finance.yahoo.com/news/philippine-etf-gains-credit-upgrade-134012660.html
253479806;20130401;USA;RUS;20;3;3;1;3;2.083333333;http://72.167.255.126/index.php?sid=6&aid=110&dir=2013/March/Wednesday27
253479809;20130401;USA;USA;20;3;10;1;10;2.669404517;http://www.bloomberg.com/news/2013-04-01/stockton-can-stay-in-bankruptcy-over-creditor-objections-1-.html
253479810;20130401;USA;USA;20;3;6;1;4;2.55802937;http://www.businessweek.com/news/2013-03-31/michael-dell-said-to-consider-blackstone-lbo-only-with-ceo-guarantee
253479824;20130401;USA;USA;70;7;60;4;60;0.808467328;http://www.xe.com/news/2013/04/01/3282625.htm?utm_source=RSS&utm_medium=TL&utm_content=NOGEO&utm_campaign=News_RSS_Art14
253479834;20130401;USA;USA;20;3;8;2;8;1.363568994;http://www.reuters.com/article/2013/04/01/fis-refinancing-idUSL2N0CO1M920130401?type=companyNews&feedType=RSS&feedName=companyNews
253479836;20130401;USA;USA;71;7.4;16;1;16;1.166180758;http://www.reuters.com/article/2013/04/01/us-japan-hedgefund-idUSBRE93003J20130401?feedType=RSS&feedName=businessNews
253480169;20130401;MYS;MYS;20;3;2;1;2;0.844277674;http://www.asianage.com/india/row-over-cell-flight-turns-ugly-ground-142
253480170;20130401;MYS;MYS;20;3;2;1;2;0.844277674;http://www.asianage.com/india/row-over-cell-flight-turns-ugly-ground-142
253480179;20130401;MYS;MYS;20;3;6;1;6;0.844277674;http://www.asianage.com/india/row-over-cell-flight-turns-ugly-ground-142
253480252;20130401;NGA;NGA;20;3;2;1;2;4.482758621;http://allafrica.com/stories/201304010093.html
253480257;20130401;NGA;NGA;70;7;5;1;5;3.994614004;http://www.thisdaylive.com/articles/battles-from-many-fronts/143780/
253480272;20130401;NGA;USA;20;3;2;1;2;0;BBC Monitoring
253480289;20130401;NGA;NGA;70;7;2;1;2;3.994614004;http://www.thisdaylive.com/articles/battles-from-many-fronts/143780/
253480409;20130401;NOR;ISR;71;7.4;4;1;4;2.095459837;http://www.jpost.com/Opinion/Op-EdContributors/Article.aspx?ID=308349&R=R1
253480410;20130401;NOR;ISR;71;7.4;16;1;16;2.095459837;http://www.jpost.com/Opinion/Op-EdContributors/Article.aspx?ID=308349&R=R1
253480414;20130401;NOR;NOR;71;7.4;2;1;2;5.930470348;http://reliefweb.int/report/burundi/eac-kicks-5m-healthcare-plan
253480426;20130401;NOR;PSE;71;7.4;4;1;4;2.095459837;http://www.jpost.com/Opinion/Op-EdContributors/Article.aspx?ID=308349&R=R1
253480441;20130401;NPL;NPL;20;3;3;1;3;0;BBC Monitoring
253480447;20130401;NPL;USA;20;3;7;1;7;0.668896321;http://zeenews.india.com/news/south-asia/election-in-june-impossible-in-nepal-jimmy-carter_839100.html
253480448;20130401;NPL;USA;75;7;4;1;4;2.718446602;http://thestar.com.my/news/story.asp?file=/2013/4/2/worldupdates/exus-president-carter-says-china-pressuring-nepal-on-tibetans&sec=Worldupdates
253480488;20130401;NZL;AUS;70;7;8;1;8;2.791461412;http://www.nzherald.co.nz/business/news/article.cfm?c_id=3&objectid=10874759&ref=rss
253480489;20130401;NZL;AUS;70;7;2;1;2;2.791461412;http://www.nzherald.co.nz/business/news/article.cfm?c_id=3&objectid=10874759&ref=rss
253481003;20130401;PAK;NPL;73;7.4;6;1;6;0;BBC Monitoring
253481004;20130401;PAK;NPL;75;7;6;1;6;0;BBC Monitoring
253481039;20130401;PAK;USA;20;3;2;1;2;3.783102144;http://www.foxnews.com/world/2013/04/01/new-hope-for-jailed-pakistani-doc-who-helped-find-bin-laden/?utm_source=feedburner&utm_medium=feed&utm_campaign=Feed%3A+foxnews%2Fworld+%28Internal+-+World+Latest+-+Text%29
253481076;20130401;PAK;AFG;253;-0.3;3;1;3;0;BBC Monitoring
253481094;20130401;PAK;PAK;20;3;2;1;2;4.265402844;http://www.thenews.com.pk/Todays-News-5-168829-Khosa-asks-Sethi-to-reshuffle-bureaucracy
253481099;20130401;PAK;USA;20;3;1;1;1;2.285714286;http://www.cnn.com/2013/03/30/world/asia/pakistan-school-attack/index.html?utm_source=feedburner&utm_medium=feed&utm_campaign=Feed%3A+rss%2Fcnn_world+%28RSS%3A+World%29
253481104;20130401;PAK;AFG;23;3.4;10;1;10;0;BBC Monitoring
253481119;20130401;PGS;IRN;70;7;10;1;10;0.970873786;http://www.irna.ir/en/News/80598506/Economic/Three_other_phases_of_South_Pars_to_go_on_stream__Oil_minister
253481237;20130401;PRK;AFR;20;3;4;1;4;6.52173913;http://www.philippinetimes.com/index.php/sid/213536962/scat/2411cd3571b4f088
253481394;20130401;PRK;PHL;20;3;2;1;2;6.52173913;http://www.philippinetimes.com/index.php/sid/213536962/scat/2411cd3571b4f088
253481404;20130401;PRK;PRK;20;3;3;1;3;1.844262295;http://www.americanthinker.com/blog/2013/04/north_korea_names_ex-premier_back_to_the_post_as_parliament_meets.html
253481418;20130401;PRK;USA;20;3;5;1;5;4.537521815;http://economictimes.indiatimes.com/tech/internet/youtube-shuts-google-sniffs-twitter-slims-in-april-fool-gags/articleshow/19326066.cms
253481419;20130401;PRK;USA;20;3;2;1;2;4.537521815;http://economictimes.indiatimes.com/tech/internet/youtube-shuts-google-sniffs-twitter-slims-in-april-fool-gags/articleshow/19326066.cms
253481420;20130401;PRK;USA;20;3;2;1;2;2.839116719;http://www.gulf-daily-news.com/NewsDetails.aspx?storyid=350674
253481421;20130401;PRK;USA;20;3;5;1;5;2.839116719;http://www.gulf-daily-news.com/NewsDetails.aspx?storyid=350674
253481453;20130401;PRK;USA;27;4;30;1;30;2.36379189;http://www.cnn.com/2013/03/31/world/asia/us-korea-f-22s/index.html?utm_source=feedburner&utm_medium=feed&utm_campaign=Feed%3A+rss%2Fcnn_world+%28RSS%3A+World%29
253481460;20130401;PRK;ZAF;20;3;2;1;2;6.52173913;http://www.philippinetimes.com/index.php/sid/213536962/scat/2411cd3571b4f088
253481501;20130401;PRK;RUS;25;-0.3;3;1;3;2.36379189;http://www.cnn.com/2013/03/31/world/asia/us-korea-f-22s/index.html?utm_source=feedburner&utm_medium=feed&utm_campaign=Feed%3A+rss%2Fcnn_world+%28RSS%3A+World%29
253481502;20130401;PRK;RUS;25;-0.3;6;1;6;2.36379189;http://www.cnn.com/2013/03/31/world/asia/us-korea-f-22s/index.html?utm_source=feedburner&utm_medium=feed&utm_campaign=Feed%3A+rss%2Fcnn_world+%28RSS%3A+World%29
253481503;20130401;PRK;RUS;25;-0.3;15;1;15;2.36379189;http://www.cnn.com/2013/03/31/world/asia/us-korea-f-22s/index.html?utm_source=feedburner&utm_medium=feed&utm_campaign=Feed%3A+rss%2Fcnn_world+%28RSS%3A+World%29
253481514;20130401;PRK;PRK;20;3;1;1;1;1.844262295;http://www.americanthinker.com/blog/2013/04/north_korea_names_ex-premier_back_to_the_post_as_parliament_meets.html
253481515;20130401;PRK;PRK;20;3;1;1;1;1.844262295;http://www.americanthinker.com/blog/2013/04/north_korea_names_ex-premier_back_to_the_post_as_parliament_meets.html
253481560;20130401;PSE;CAN;20;3;10;1;10;0.76754386;http://www.theglobeandmail.com/news/world/search-for-palestinian-authoritys-missing-millions-leads-to-canada/article10600170/?cmpid=rss1
253481591;20130401;PSE;ISR;20;3;2;1;2;4.388297872;http://www.nationmultimedia.com/opinion/Obama-sends-a-strong-message-to-Mideast-30203134.html
253481592;20130401;PSE;ISR;20;3;24;1;20;2.270011947;http://www.jpost.com/Opinion/Op-EdContributors/Article.aspx?id=308354&R=R7
253481611;20130401;PSE;ISR;75;7;8;1;8;2.199816682;http://www.jpost.com/MiddleEast/Article.aspx?id=308298&R=R3
253481644;20130401;PSE;MMR;75;7;4;1;4;2.199816682;http://www.jpost.com/MiddleEast/Article.aspx?id=308298&R=R3
253481676;20130401;PSE;USA;26;4;6;1;6;0.4784689;http://www.jpost.com/MiddleEast/Article.aspx?id=308335&R=R3
253481711;20130401;PSE;EGY;26;4;2;1;2;2.06185567;http://www.bbc.co.uk/news/world-middle-east-21998860#sa-ns_mchannel=rss&ns_source=PublicRSS20-sa
253481712;20130401;PSE;EGY;26;4;6;1;6;2.06185567;http://www.bbc.co.uk/news/world-middle-east-21998860#sa-ns_mchannel=rss&ns_source=PublicRSS20-sa
253481713;20130401;PSE;EGY;26;4;2;1;2;2.06185567;http://www.bbc.co.uk/news/world-middle-east-21998860#sa-ns_mchannel=rss&ns_source=PublicRSS20-sa
253481725;20130401;PSE;ISR;20;3;18;2;18;1.188150787;http://www.voanews.com/content/hamas-gives-mashaal-another-4-years-as-leader/1632872.html
253481739;20130401;PSE;PSE;20;3;4;1;4;1.167315175;http://www.bbc.co.uk/news/world-middle-east-21995395#sa-ns_mchannel=rss&ns_source=PublicRSS20-sa
253481740;20130401;PSE;PSE;20;3;8;1;8;1.167315175;http://www.bbc.co.uk/news/world-middle-east-21995395#sa-ns_mchannel=rss&ns_source=PublicRSS20-sa
253481854;20130401;QAT;IRQ;20;3;1;1;1;0;BBC Monitoring
253481864;20130401;QAT;QAT;20;3;2;1;2;2.409638554;http://www.bna.bh/portal/en/news/554246
253482244;20130401;RUS;AFG;72;8.3;2;1;2;0;BBC Monitoring
253482286;20130401;RUS;CAN;73;7.4;4;1;4;3.153745072;http://www.ctvnews.ca/canada/dog-helps-rescue-two-girls-from-icy-river-in-edmonton-1.1218989
253482287;20130401;RUS;CHN;20;3;4;2;4;2.328412328;http://www.asianage.com/international/south-korea-leader-vows-strong-retaliation-north-228
253482288;20130401;RUS;CHN;20;3;4;2;4;2.328412328;http://www.asianage.com/international/south-korea-leader-vows-strong-retaliation-north-228
253482289;20130401;RUS;CHN;20;3;12;2;12;2.328412328;http://www.asianage.com/international/south-korea-leader-vows-strong-retaliation-north-228
253482319;20130401;RUS;CYP;70;7;8;3;8;2.451203454;http://news.yahoo.com/cyprus-gains-more-time-achieve-surplus-163136437--finance.html
253482455;20130401;RUS;RUS;20;3;1;1;1;0.900900901;http://www.themoscowtimes.com/news/article/kadyrov-proposes-travel-ban-for-top-officials/477740.html?utm_source=feedburner&utm_medium=feed&utm_campaign=Feed:%20themoscowtimes/RUXi%20(The%20Moscow%20Times)
253482477;20130401;RUS;RUS;72;8.3;2;1;2;0;BBC Monitoring
253482519;20130401;RUS;USA;26;4;30;1;30;1.303538175;http://www.reuters.com/article/2013/04/01/russia-tele2-mts-idUSL2N0CO04Y20130401?feedType=RSS&feedName=mergersNews
253482580;20130401;RUS;RUS;20;3;20;2;20;2.244152047;http://www.bloomberg.com/news/2013-04-01/russia-won-t-bail-out-cyprus-savers-facing-deposit-losses.html
253482581;20130401;RUS;RUS;26;4;1;1;1;4.136690647;http://www.themoscowtimes.com/news/article/pro-kremlin-candidate-wins-key-mayoral-race/477736.html
253482582;20130401;RUS;RUS;26;4;4;1;4;4.136690647;http://www.themoscowtimes.com/news/article/pro-kremlin-candidate-wins-key-mayoral-race/477736.html
253482583;20130401;RUS;RUS;26;4;10;1;10;3.213529204;http://www.themoscowtimes.com/opinion/article/in-cyprus-echoes-of-soviet-era-robbery/477815.html?utm_source=feedburner&utm_medium=feed&utm_campaign=Feed:%20themoscowtimes/RUXi%20(The%20Moscow%20Times)
253482584;20130401;RUS;RUS;26;4;5;1;5;1.825993555;http://www.themoscowtimes.com/opinion/article/why-the-kremlin-is-targeting-ngos/477790.html?utm_source=feedburner&utm_medium=feed&utm_campaign=Feed:%20themoscowtimes/RUXi%20(The%20Moscow%20Times)
253482585;20130401;RUS;RUS;26;4;45;1;45;3.267179393;http://www.themoscowtimes.com/business/article/for-the-record/477809.html?utm_source=feedburner&utm_medium=feed&utm_campaign=Feed:%20themoscowtimes/RUXi%20(The%20Moscow%20Times)
253482586;20130401;RUS;RUS;26;4;5;1;5;3.312302839;http://www.themoscowtimes.com/news/article/siberian-ice-swimmers-set-record-with-24-hour-dip/477739.html
253482587;20130401;RUS;RUS;26;4;3;1;3;3.205128205;http://en.rian.ru/business/20130401/180385982.html
253482637;20130401;RWA;RWA;20;3;2;1;2;0;BBC Monitoring
253482638;20130401;RWA;AFR;20;3;2;1;2;0.980392157;http://allafrica.com/stories/201304010085.html
253482681;20130401;SAU;KWT;70;7;2;1;2;1.848049281;http://www.thisdaylive.com/articles/saudi-deports-thousands-of-yemenis-remittances-to-suffer/143800/
253482682;20130401;SAU;KWT;70;7;118;6;118;1.731119602;http://www.thisdaylive.com/articles/saudi-deports-thousands-of-yemenis-remittances-to-suffer/143800/
253482706;20130401;SAU;USA;231;3.4;20;1;20;1.376146789;http://www.foxnews.com/world/2013/04/01/saudi-man-faces-paralysis-in-eye-for-eye-sentence/
253482738;20130401;SAU;TUR;256;-0.3;2;1;2;3.821656051;http://oilprice.com/Geopolitics/Middle-East/TURKEY-IRAQI-KURDISTAN-Another-Step-Towards-Kurdish-Independence.html
253482739;20130401;SAU;TUR;256;-0.3;6;1;6;3.821656051;http://oilprice.com/Geopolitics/Middle-East/TURKEY-IRAQI-KURDISTAN-Another-Step-Towards-Kurdish-Independence.html
253482796;20130401;SRB;HUN;241;-0.3;2;1;2;3.731343284;http://www.b92.net//eng/news/politics-article.php?yyyy=2013&mm=04&dd=01&nav_id=85466
253482799;20130401;SRB;EUR;20;3;2;1;2;0;BBC Monitoring
253482931;20130401;SDN;SDN;26;4;2;1;2;0;BBC Monitoring
253482936;20130401;SDN;SDN;26;4;6;1;6;0;BBC Monitoring
253483019;20130401;SLE;SOM;234;3.4;10;1;10;0;BBC Monitoring
253483021;20130401;SLE;SOM;74;8.5;10;1;10;0;BBC Monitoring
253483058;20130401;SOM;SOM;72;8.3;10;1;10;0;BBC Monitoring
253483174;20130401;SYR;EGY;20;3;1;1;1;2.608695652;http://www.dailystar.com.lb/News/Middle-East/2013/Apr-01/212107-egypts-morsi-seeks-to-keep-strong-ties-with-france.ashx
253483175;20130401;SYR;EGY;20;3;1;1;1;2.608695652;http://www.dailystar.com.lb/News/Middle-East/2013/Apr-01/212107-egypts-morsi-seeks-to-keep-strong-ties-with-france.ashx
253483178;20130401;SYR;FRA;20;3;1;1;1;2.608695652;http://www.dailystar.com.lb/News/Middle-East/2013/Apr-01/212107-egypts-morsi-seeks-to-keep-strong-ties-with-france.ashx
253483179;20130401;SYR;FRA;20;3;1;1;1;2.608695652;http://www.dailystar.com.lb/News/Middle-East/2013/Apr-01/212107-egypts-morsi-seeks-to-keep-strong-ties-with-france.ashx
253483223;20130401;SYR;ISR;20;3;2;1;2;0.284090909;http://www.panarmenian.net/eng/news/152261/
253483224;20130401;SYR;ISR;20;3;2;1;2;0.284090909;http://www.panarmenian.net/eng/news/152261/
253483225;20130401;SYR;ISR;20;3;2;1;2;0;BBC Monitoring
253483300;20130401;SYR;SYR;70;7;2;1;2;0.284090909;http://www.panarmenian.net/eng/news/152261/
253483301;20130401;SYR;SYR;72;8.3;2;1;2;0.284090909;http://www.panarmenian.net/eng/news/152261/
253483319;20130401;SYR;TUR;70;7;5;1;5;0;BBC Monitoring
253483347;20130401;SYR;SYR;20;3;2;1;2;3.167420814;http://www.upi.com/Top_News/Special/2013/04/01/Hezbollah-lobbies-for-status-quo/UPI-70421364822994/
253483422;20130401;THA;AUS;20;3;4;1;4;3.618421053;http://www.bangkokpost.com/breakingnews/343368/australians-find-trouble-in-phuket
253483423;20130401;THA;AUS;20;3;1;1;1;3.618421053;http://www.bangkokpost.com/breakingnews/343368/australians-find-trouble-in-phuket
253483485;20130401;TJK;TJK;21;3.4;2;1;2;0;BBC Monitoring
253483528;20130401;TUN;CHE;71;7.4;1;1;1;3.482920295;http://www.swissinfo.ch/eng/detail/content.html?cid=35363544&#x26
253483529;20130401;TUN;CHE;71;7.4;1;1;1;3.482920295;http://www.swissinfo.ch/eng/detail/content.html?cid=35363544&#x26
253483530;20130401;TUN;CHE;71;7.4;6;1;6;3.482920295;http://www.swissinfo.ch/eng/detail/content.html?cid=35363544&#x26
253483537;20130401;TUN;EUR;71;7.4;10;1;10;2.257336343;http://www.bloomberg.com/news/2013-04-01/tunisia-expects-1-8-billion-imf-accord-by-may.html
253483553;20130401;TUN;TUN;20;3;2;1;2;3.482920295;http://www.swissinfo.ch/eng/detail/content.html?cid=35363544&#x26
253483632;20130401;TUR;ISR;20;3;10;1;10;2.783505155;http://www.worldbulletin.net/?aType=haber&ArticleID=105685
253483645;20130401;TUR;ISR;70;7;2;1;2;2.783505155;http://www.worldbulletin.net/?aType=haber&ArticleID=105685
253483679;20130401;TUR;SYR;70;7;7;1;7;0;BBC Monitoring
253483680;20130401;TUR;SYR;75;7;8;1;8;0;BBC Monitoring
253483681;20130401;TUR;SYR;70;7;6;1;6;0;BBC Monitoring
253483712;20130401;TUR;TUR;73;7.4;8;1;8;1.020408163;http://www.jpost.com/DiplomacyAndPolitics/Article.aspx?id=308361&R=R9
253483713;20130401;TUR;TUR;73;7.4;4;1;4;1.020408163;http://www.jpost.com/DiplomacyAndPolitics/Article.aspx?id=308361&R=R9
253483818;20130401;TZA;TZA;73;7.4;2;1;2;1.425178147;http://allafrica.com/stories/201304010480.html
253484012;20130401;UGA;COD;72;8.3;2;1;2;2.023121387;http://www.news24.com/SouthAfrica/Politics/DAs-CAR-call-misguided-ANC-20130401
253484013;20130401;UGA;COD;72;8.3;4;1;4;2.023121387;http://www.news24.com/SouthAfrica/Politics/DAs-CAR-call-misguided-ANC-20130401
253484039;20130401;UKR;EUR;20;3;10;1;10;3.521126761;http://radioukr.com.ua/en/148/527738/
253484041;20130401;UKR;POL;20;3;5;1;5;2.89017341;http://www.kyivpost.com/content/ukraine-abroad/upicom-ukraine-looks-to-poland-for-more-gas-322582.html
253485384;20130401;USA;AFR;71;7.4;4;1;4;9.384615385;http://www.huffingtonpost.com/michael-lindsay/center-for-entrepreneurial-leadership-gordon-college_b_2974751.html
253485534;20130401;USA;CAN;71;7.4;3;1;3;0.766871166;http://www.montrealgazette.com/business/Investing+Strategy+Canadians+indirectly+dearly+their+mutual/8179663/story.html
253485535;20130401;USA;CAN;71;7.4;2;1;2;0.766871166;http://www.montrealgazette.com/business/Investing+Strategy+Canadians+indirectly+dearly+their+mutual/8179663/story.html
253486008;20130401;USA;EUR;71;7.4;40;1;40;1.624548736;http://www.washingtonpost.com/world/europe/european-industry-flocks-to-cheap-us-gas/2013/04/01/454d06ea-8a2c-11e2-98d9-3012c1cd8d1e_story.html
253486259;20130401;USA;IRL;71;7.4;4;1;4;4.419889503;http://www.journalgazette.net/article/20130401/BIZ/304019986/1031/biz
253486278;20130401;USA;ISR;20;3;4;1;4;2.270011947;http://www.jpost.com/Opinion/Op-EdContributors/Article.aspx?id=308354&R=R7
253486279;20130401;USA;ISR;20;3;2;1;2;2.270011947;http://www.jpost.com/Opinion/Op-EdContributors/Article.aspx?id=308354&R=R7
253486280;20130401;USA;ISR;20;3;4;1;4;4.314720812;http://www.washingtonpost.com/opinions/imagining-the-israeli-palestinian-relationship/2013/04/01/d3bc7b78-98a9-11e2-b5b4-b63027b499de_story.html
253486281;20130401;USA;ISR;20;3;10;1;10;2.270011947;http://www.jpost.com/Opinion/Op-EdContributors/Article.aspx?id=308354&R=R7
253486296;20130401;USA;ITA;20;3;2;1;2;1.733735748;http://newsandinsight.thomsonreuters.com/New_York/News/2013/04_-_April/Appeals_court_says_no_unfair_labor_practices_at_Stella_D_oro/
253486341;20130401;USA;JPN;72;8.3;20;2;20;2.648263316;http://www.globalsecurity.org/wmd/library/news/dprk/2013/dprk-130401-rferl01.htm
253486564;20130401;USA;KOR;72;8.3;2;1;2;2.226345083;http://www.airforcetimes.com/news/2013/04/ap-north-korea-taps-reformist-premier-amid-tension-040113/
253486565;20130401;USA;KOR;72;8.3;2;1;2;2.466793169;http://www.npr.org/templates/story/story.php?storyId=175892374&ft=1&f=
253486566;20130401;USA;KOR;72;8.3;8;3;8;2.531980215;http://www.latimes.com/news/world/worldnow/la-fg-wn-new-north-korean-premier-20130401,0,7718281.story
253486567;20130401;USA;KOR;72;8.3;2;1;2;2.232486528;http://www.dailymail.co.uk/news/article-2302228/South-Korea-vows-strike-quickly-Kim-Jong-Un-attacks-North-US-sends-F-22-stealth-fighter-jets-patrol-skies.html?ITO=1490&ns_mchannel=rss&ns_campaign=1490
253486586;20130401;USA;KOR;72;8.3;18;3;18;2.470176519;http://www.airforcetimes.com/news/2013/04/ap-north-korea-taps-reformist-premier-amid-tension-040113/
253486587;20130401;USA;KOR;72;8.3;6;1;6;2.249488753;http://www.csmonitor.com/USA/Foreign-Policy/2013/0401/North-Korea-US-signals-strength-but-speaks-softly?utm_source=feedburner&utm_medium=feed&utm_campaign=Feed%3A+feeds%2Fusa+%28Christian+Science+Monitor+%7C+USA%29
253486819;20130401;USA;GBR;71;7.4;1;1;1;2.133333333;http://www.bloomberg.com/news/2013-04-01/sasco-said-to-hire-ex-dublin-hill-s-joe-howley.html
253486829;20130401;USA;USA;20;3;10;1;10;3.0651341;http://www.chinapost.com.tw/international/americas/2013/04/01/374788/Exxon-works.htm
253486845;20130401;USA;USA;70;7;2;1;2;2.310231023;http://www.wftv.com/news/news/local/9-investigates-utility-companies-thin-lines/nW9BL/
253486846;20130401;USA;USA;71;7.4;6;1;6;3.804994055;http://www.marketwatch.com/story/should-you-buy-a-stock-fund-from-a-bond-guru-2013-04-01?siteid=rss&utm_source=feedburner&utm_medium=feed&utm_campaign=Feed%3A%20marketwatch%2Fpf%20(MarketWatch.com%20-%20Personal%20Finance%20News)
253486854;20130401;USA;USA;20;3;10;1;10;6.074766355;http://www.benzinga.com/news/13/04/3460156/aetna-completes-sale-of-missouri-medicaid-business?utm_source=feedburner&utm_medium=feed&utm_campaign=Feed%3A+benzinga+%28Benzinga+News+Feed%29
253486855;20130401;USA;USA;20;3;8;1;8;2.598314607;http://www.informationweek.com/smb/ebusiness/5-data-sources-for-visualization-beginne/240152047
253486856;20130401;USA;USA;20;3;2;1;2;4.651162791;http://techcrunch.com/2013/03/31/google-introduces-gmail-blue-its-completely-blue-because-brown-was-a-disaster/?utm_source=feedburner&utm_medium=feed&utm_campaign=Feed%3A+Techcrunch+%28TechCrunch%29
253486859;20130401;USA;MYS;71;7.4;1;1;1;1.48456057;http://www.bloomberg.com/news/2013-04-01/sac-s-steinberg-backed-as-probe-moves-closer-to-cohen.html
253486860;20130401;USA;MYS;71;7.4;1;1;1;1.48456057;http://www.bloomberg.com/news/2013-04-01/sac-s-steinberg-backed-as-probe-moves-closer-to-cohen.html
253486870;20130401;USA;NMR;20;3;2;1;2;4.49943757;http://www.ibtimes.com/press-release/20130401/dominion-cove-point-liquefaction-project-moving-forward-cements-front-runner
253486937;20130401;USA;PRK;20;3;10;1;10;0;BBC Monitoring
253486975;20130401;USA;QAT;72;8.3;8;1;8;2.877697842;http://www.menafn.com/menafn/1093623559/Qatar-plans-to-buy-USD122m-worth-of-guided-missiles-from-US?src=RSS
253486976;20130401;USA;QAT;72;8.3;2;1;2;2.877697842;http://www.menafn.com/menafn/1093623559/Qatar-plans-to-buy-USD122m-worth-of-guided-missiles-from-US?src=RSS
253487031;20130401;USA;USA;20;3;2;1;2;1.361386139;http://www.contracostatimes.com/breaking-news/ci_22918331/apple-ceo-tim-cook-issues-rare-apology-chinese?source=rss
253487032;20130401;USA;USA;20;3;2;1;2;3.209459459;http://www.bloomberg.com/news/2013-04-01/amazon-overstock-squawk-box-case-sac-accord-compliance.html
253487033;20130401;USA;USA;20;3;12;1;12;3.901550096;http://www.washingtonpost.com/world/asia_pacific/india-rejects-novartis-drug-patent/2013/04/01/bf5f13de-9ab6-11e2-9219-51eb8387e8f1_story.html?wprss=rss_world
253487034;20130401;USA;USA;20;3;4;2;4;4.175157079;http://newsandinsight.thomsonreuters.com/Legal/News/2013/04_-_April/Senate_group_resolves_key_issues_on_immigration_reform__lawmakers/
253487035;20130401;USA;USA;20;3;8;1;8;4.125736739;http://www.reuters.com/article/2013/04/01/us-usa-immigration-idUSBRE92U06T20130401?feedType=RSS&feedName=domesticNews
253487042;20130401;USA;USA;20;3;4;1;4;1.657458564;http://www.statecollege.com/news/local-news/proposed-gas-pipeline-sparks-heated-response-at-state-college-borough-council-meeting-1278460/
253487043;20130401;USA;USA;20;3;1;1;1;1.366742597;http://www.nypost.com/p/news/national/fear_stalks_texas_das_3qZmBTN0q5e28mSnwH3MTP?utm_medium=rss&utm_content=National
253487044;20130401;USA;USA;20;3;6;1;6;2.13592233;http://www.usnews.com/news/newsgram/articles/2013/04/01/aryan-brotherhood-texas-prosecutor-connection-mike-mclelland?s_cid=rss:aryan-brotherhood-texas-prosecutor-connection-mike-mclelland
253487045;20130401;USA;USA;73;7.4;2;1;2;0.985221675;http://www.latimes.com/news/nation/nationnow/la-na-nn-alaska-helicopter-crash-20130401,0,5775175.story
253487103;20130401;USA;USA;20;3;1;1;1;1.634877384;http://www.usatoday.com/story/news/nation/2013/04/01/kaufman-county-district-attorney-shooting-alert-texas/2042011/?utm_source=feedburner&utm_medium=feed&utm_campaign=Feed%3A+UsatodaycomNation-TopStories+%28News+-+Nation+-+Top+Stories%29
253487104;20130401;USA;USA;20;3;1;1;1;1.634877384;http://www.usatoday.com/story/news/nation/2013/04/01/kaufman-county-district-attorney-shooting-alert-texas/2042011/?utm_source=feedburner&utm_medium=feed&utm_campaign=Feed%3A+UsatodaycomNation-TopStories+%28News+-+Nation+-+Top+Stories%29
253487105;20130401;USA;USA;20;3;20;1;20;1.25962273;http://www.miamiherald.com/2013/04/01/3317958/council-oks-extension-for-long.html
253487106;20130401;USA;USA;20;3;2;1;2;0.625978091;http://cnsnews.com/news/article/council-oks-extension-long-delayed-wyo-plant
253487107;20130401;USA;USA;20;3;8;1;8;0.625978091;http://cnsnews.com/news/article/council-oks-extension-long-delayed-wyo-plant
253487108;20130401;USA;USA;20;3;2;2;2;1.752589317;http://news.yahoo.com/ark-house-finishes-veto-override-voter-id-bill-192801206--election.html
253487109;20130401;USA;USA;20;3;60;5;60;2.112098485;http://swampland.time.com/2013/04/01/arkansas-gop-led-legislature-passes-voter-id-law/?utm_source=feedburner&utm_medium=feed&utm_campaign=Feed%3A+timeblogs%2Fswampland+%28TIME%3A+Swampland%29
253487110;20130401;USA;USA;20;3;1;1;1;2.36318408;http://swampland.time.com/2013/04/01/arkansas-gop-led-legislature-passes-voter-id-law/?utm_source=feedburner&utm_medium=feed&utm_campaign=Feed%3A+timeblogs%2Fswampland+%28TIME%3A+Swampland%29
253487111;20130401;USA;USA;20;3;1;1;1;2.197802198;http://hosted.ap.org/dynamic/stories/U/US_ARKANSAS_VOTER_ID?SITE=NVREN&SECTION=HOME&TEMPLATE=DEFAULT
253487112;20130401;USA;USA;20;3;2;1;2;0.610687023;http://www.google.com/hostednews/ap/article/ALeqM5gIx6hotqat-w16qkOc_QLiXhJGYg?docId=baaaeece37774b4eb9f7e97ebe6dbfd8
253487113;20130401;USA;USA;20;3;5;1;5;0.610687023;http://www.google.com/hostednews/ap/article/ALeqM5gIx6hotqat-w16qkOc_QLiXhJGYg?docId=baaaeece37774b4eb9f7e97ebe6dbfd8
253487128;20130401;USA;USA;20;3;2;1;2;3.007518797;http://www.bizjournals.com/houston/news/2013/04/01/rice-university-to-research-oil-and.html
253487150;20130401;USA;USA;71;7.4;1;1;1;3.186504217;http://www.latimes.com/news/local/la-me-city-attorney-ethics-20130331,0,1740795.story?track=rss
253487168;20130401;USA;USA;20;3;15;2;15;3.713665252;http://www.bloomberg.com/news/2013-04-01/exxon-arkansas-spill-raises-scrutiny-of-keystone-pipeline.html
253487169;20130401;USA;USA;20;3;3;1;3;2.857142857;http://www.salon.com/2013/04/01/business_and_labor_strike_deal_on_low_skilled_worker_program_ap/
253487170;20130401;USA;USA;20;3;3;1;3;4.04040404;http://www.upi.com/Top_News/US/2013/04/01/Report-C-Kennedy-vetted-to-be-envoy/UPI-97701364835687
253487171;20130401;USA;USA;20;3;1;1;1;4.04040404;http://www.upi.com/Top_News/US/2013/04/01/Report-C-Kennedy-vetted-to-be-envoy/UPI-97701364835687
253487172;20130401;USA;USA;20;3;1;1;1;4.04040404;http://www.upi.com/Top_News/US/2013/04/01/Report-C-Kennedy-vetted-to-be-envoy/UPI-97701364835687
253487173;20130401;USA;USA;20;3;8;1;8;2.752293578;http://www.cnn.com/2013/04/01/politics/caroline-kennedy-ambassador/index.html?utm_source=feedburner&utm_medium=feed&utm_campaign=Feed%3A+rss%2Fcnn_latest+%28RSS%3A+Most+Recent%29
253487174;20130401;USA;USA;20;3;31;4;31;2.899657124;http://zeenews.india.com/news/world/caroline-kennedy-vetted-for-japanese-ambassador-post-report_839143.html
253487211;20130401;USA;USA;70;7;25;2;25;3.095292667;http://in.reuters.com/article/2013/04/01/obama-cabinet-deese-idINDEE9300DB20130401?feedType=RSS&feedName=worldNews
253487212;20130401;USA;USA;71;7.4;1;1;1;3.536345776;http://www.whittierdailynews.com/news/ci_22916704/mass-firm-will-shield-spacecraft-from-heat
253487213;20130401;USA;USA;71;7.4;1;1;1;3.536345776;http://www.whittierdailynews.com/news/ci_22916704/mass-firm-will-shield-spacecraft-from-heat
253487237;20130401;USA;USA;20;3;10;1;10;4.716981132;http://www.upi.com/Top_News/US/2013/04/01/Docs-Pot-brownies-a-target-for-kids/UPI-35411364840678/
253487256;20130401;USA;USA;20;3;2;1;2;2.248677249;http://www.dailymail.co.uk/news/article-2302301/Dark-Knight-killer-James-Holmes-faces-death-penalty-Colorado-movie-theater-massacre.html?ITO=1490&ns_mchannel=rss&ns_campaign=1490
253487268;20130401;USA;USA;70;7;1;1;1;5.223880597;http://www.prnewswire.com/news-releases/detroit-women-raise-funds-for-needy-at-designer-shoe-auction-200940791.html
253487306;20130401;USA;USA;20;3;2;1;2;0.769230769;http://www.chron.com/news/houston-texas/houston/article/Bun-B-to-be-featured-as-part-of-Mayor-Parker-s-4400433.php
253487307;20130401;USA;USA;20;3;2;1;2;0.769230769;http://www.chron.com/news/houston-texas/houston/article/Bun-B-to-be-featured-as-part-of-Mayor-Parker-s-4400433.php
253487308;20130401;USA;USA;20;3;2;1;2;3.136531365;http://www.eenews.net/Greenwire/rss/2013/04/01/7
253487309;20130401;USA;USA;20;3;2;1;2;3.136531365;http://www.eenews.net/Greenwire/rss/2013/04/01/7
253487310;20130401;USA;USA;20;3;1;1;1;2.604698672;http://www.bloomberg.com/news/2013-04-02/donor-says-he-sought-menendez-on-medicare-without-breaking-law.html
253487371;20130401;USA;USA;20;3;2;1;2;2.397260274;http://www.google.com/hostednews/ap/article/ALeqM5jWcQzqzB986kfrnhs_E0n78Js4PQ?docId=10249281dfcc401b8ca39ad339bd83c3
253487372;20130401;USA;USA;20;3;10;1;10;1.956271577;http://news.yahoo.com/ca-business-summary-031530416--finance.html
253487373;20130401;USA;USA;20;3;4;1;4;2.397260274;http://www.google.com/hostednews/ap/article/ALeqM5jWcQzqzB986kfrnhs_E0n78Js4PQ?docId=10249281dfcc401b8ca39ad339bd83c3
253487374;20130401;USA;USA;20;3;16;2;16;1.020408163;http://www.chicagotribune.com/news/sns-rt-us-usa-georgia-gunsbre931028-20130401,0,3289321.story
253487375;20130401;USA;USA;20;3;4;2;4;1.020408163;http://www.chicagotribune.com/news/sns-rt-us-usa-georgia-gunsbre931028-20130401,0,3289321.story
253487376;20130401;USA;USA;20;3;10;1;10;1.10701107;http://ca.reuters.com/article/businessNews/idCABRE93009I20130401
253487390;20130401;USA;USA;70;7;8;1;8;1.869158879;http://www.foxnews.com/world/2013/04/01/us-reportedly-sends-f-22-jets-to-join-south-korea-drills/?utm_source=feedburner&utm_medium=feed&utm_campaign=Feed%3A+foxnews%2Fmost-popular+%28Internal+-+Most+Popular+Content%29
253487391;20130401;USA;USA;71;7.4;30;3;30;4.072119494;http://www.miamiherald.com/2013/04/01/3317538/safeway-ceos-pay-dips-slightly.html
253487426;20130401;USA;USA;20;3;10;1;10;5.027932961;http://www.upi.com/Business_News/Security-Industry/2013/04/01/T56-engine-enhancements-tested/UPI-75501364824595/
253487431;20130401;USA;USA;71;7.4;8;1;8;2.205882353;http://www.foxnews.com/tech/2013/04/01/giant-robot-jellyfish-to-patrol-us-coasts/
253487437;20130401;USA;VAT;20;3;5;1;5;8.771929825;http://www.philippinetimes.com/index.php/sid/213530029/scat/2411cd3571b4f088
253487459;20130401;USA;USA;20;3;10;1;10;1.315171442;http://www.gazette.com/articles/paso-152938-drilling-county.html
253487463;20130401;USA;USA;70;7;2;1;2;1.639344262;http://usnews.nbcnews.com/_news/2013/04/01/17551374-justice-is-death-for-alleged-shooter-in-batman-rampage-prosecutor-says?lite
253487500;20130401;USA;USA;20;3;1;1;1;1.366742597;http://www.nypost.com/p/news/national/fear_stalks_texas_das_3qZmBTN0q5e28mSnwH3MTP?utm_medium=rss&utm_content=National
253487501;20130401;USA;USA;20;3;1;1;1;2.13592233;http://www.usnews.com/news/newsgram/articles/2013/04/01/aryan-brotherhood-texas-prosecutor-connection-mike-mclelland?s_cid=rss:aryan-brotherhood-texas-prosecutor-connection-mike-mclelland
253487502;20130401;USA;USA;20;3;1;1;1;2.13592233;http://www.usnews.com/news/newsgram/articles/2013/04/01/aryan-brotherhood-texas-prosecutor-connection-mike-mclelland?s_cid=rss:aryan-brotherhood-texas-prosecutor-connection-mike-mclelland
253487518;20130401;USA;USA;20;3;2;1;2;1.366742597;http://www.nypost.com/p/news/national/fear_stalks_texas_das_3qZmBTN0q5e28mSnwH3MTP?utm_medium=rss&utm_content=National
253487691;20130401;USA;CHN;20;3;12;2;12;2.072896593;http://www.reuters.com/article/2013/04/02/us-china-apple-apology-idUSBRE9300DM20130402?feedType=RSS&feedName=technologyNews
253487692;20130401;USA;CHN;20;3;12;1;12;2.130325815;http://in.reuters.com/article/2013/04/01/china-apple-apology-idINDEE9300DE20130401?feedType=RSS&feedName=technologyNews&utm_source=feedburner&utm_medium=feed&utm_campaign=Feed%3A+reuters%2FINtechnologyNews+%28News+%2F+IN+%2F+Technology+News%29
253487693;20130401;USA;CHN;20;3;4;1;4;2.130325815;http://in.reuters.com/article/2013/04/01/china-apple-apology-idINDEE9300DE20130401?feedType=RSS&feedName=technologyNews&utm_source=feedburner&utm_medium=feed&utm_campaign=Feed%3A+reuters%2FINtechnologyNews+%28News+%2F+IN+%2F+Technology+News%29
253487694;20130401;USA;CHN;20;3;2;1;2;2.109181141;http://finance.yahoo.com/news/apple-apologises-chinese-consumers-revamps-224542759.html
253487695;20130401;USA;CHN;20;3;6;1;6;2.109181141;http://finance.yahoo.com/news/apple-apologises-chinese-consumers-revamps-224542759.html
253487696;20130401;USA;CHN;20;3;12;3;12;2.047751682;http://news.yahoo.com/apple-apologizes-chinese-consumers-revamps-020257014.html
253487697;20130401;USA;CHN;20;3;24;2;24;2.044181982;http://www.reuters.com/article/2013/04/02/us-china-apple-apology-idUSBRE9300DM20130402?feedType=RSS&feedName=technologyNews
253487698;20130401;USA;CHN;20;3;8;2;8;2.044181982;http://www.reuters.com/article/2013/04/02/us-china-apple-apology-idUSBRE9300DM20130402?feedType=RSS&feedName=technologyNews
253487699;20130401;USA;CHN;20;3;30;3;30;2.035465791;http://news.yahoo.com/apple-apologizes-chinese-consumers-revamps-020257014.html
253487700;20130401;USA;CHN;20;3;10;3;10;2.035465791;http://news.yahoo.com/apple-apologizes-chinese-consumers-revamps-020257014.html
253487734;20130401;USA;IRN;20;3;2;1;2;4;http://www.thefinancialexpress-bd.com/index.php?ref=MjBfMDRfMDFfMTNfMV85Ml8xNjQ5MDQ=
253487735;20130401;USA;IRN;20;3;10;1;10;0;BBC Monitoring
253487736;20130401;USA;IRN;20;3;8;1;8;4;http://www.thefinancialexpress-bd.com/index.php?ref=MjBfMDRfMDFfMTNfMV85Ml8xNjQ5MDQ=
253487748;20130401;USA;ISR;20;3;6;1;6;4.314720812;http://www.washingtonpost.com/opinions/imagining-the-israeli-palestinian-relationship/2013/04/01/d3bc7b78-98a9-11e2-b5b4-b63027b499de_story.html
253487749;20130401;USA;ISR;22;3.2;8;1;8;4.388297872;http://www.nationmultimedia.com/opinion/Obama-sends-a-strong-message-to-Mideast-30203134.html
253487765;20130401;USA;ISR;20;3;4;1;4;4.314720812;http://www.washingtonpost.com/opinions/imagining-the-israeli-palestinian-relationship/2013/04/01/d3bc7b78-98a9-11e2-b5b4-b63027b499de_story.html
253487770;20130401;USA;JPN;20;3;8;1;8;3.535353535;http://www.bbc.co.uk/news/world-us-canada-21997239#sa-ns_mchannel=rss&ns_source=PublicRSS20-sa
253487808;20130401;USA;PSE;20;3;4;1;4;4.314720812;http://www.washingtonpost.com/opinions/imagining-the-israeli-palestinian-relationship/2013/04/01/d3bc7b78-98a9-11e2-b5b4-b63027b499de_story.html
253487816;20130401;USA;PSE;20;3;2;1;2;4.314720812;http://www.washingtonpost.com/opinions/imagining-the-israeli-palestinian-relationship/2013/04/01/d3bc7b78-98a9-11e2-b5b4-b63027b499de_story.html
253487821;20130401;USA;RUS;26;4;6;1;6;2.702980355;http://www.themoscowtimes.com/business/article/for-the-record/477809.html?utm_source=feedburner&utm_medium=feed&utm_campaign=Feed:%20themoscowtimes/business%20(The%20Moscow%20Times%20Business)
253487838;20130401;USA;USA;20;3;2;1;2;4.576271186;http://washingtonexaminer.com/obama-pelosi-mcauliffe-issue-easter-sunday-fundraising-appeals/article/2525885
253487839;20130401;USA;USA;20;3;18;3;18;2.364882903;http://www.eenews.net/Greenwire/rss/2013/04/01/1
253487840;20130401;USA;USA;20;3;2;1;2;2.248677249;http://www.dailymail.co.uk/news/article-2302301/Dark-Knight-killer-James-Holmes-faces-death-penalty-Colorado-movie-theater-massacre.html?ITO=1490&ns_mchannel=rss&ns_campaign=1490
253487841;20130401;USA;USA;20;3;2;1;2;4.576271186;http://washingtonexaminer.com/obama-pelosi-mcauliffe-issue-easter-sunday-fundraising-appeals/article/2525885
253487842;20130401;USA;USA;22;3.2;1;1;1;4.04040404;http://www.upi.com/Top_News/US/2013/04/01/Report-C-Kennedy-vetted-to-be-envoy/UPI-97701364835687
253487843;20130401;USA;USA;22;3.2;1;1;1;4.04040404;http://www.upi.com/Top_News/US/2013/04/01/Report-C-Kennedy-vetted-to-be-envoy/UPI-97701364835687
253487871;20130401;USA;USA;70;7;2;1;2;3.350970018;http://www.freep.com/article/20130401/NEWS02/304010046/Resilient-Highland-Park-firefighters-short-on-equipment-work-for-donated-supplies
253487872;20130401;USA;USA;70;7;1;1;1;5.223880597;http://www.prnewswire.com/news-releases/detroit-women-raise-funds-for-needy-at-designer-shoe-auction-200940791.html
253487873;20130401;USA;USA;71;7.4;4;1;4;4.576271186;http://washingtonexaminer.com/obama-pelosi-mcauliffe-issue-easter-sunday-fundraising-appeals/article/2525885
253487893;20130401;USA;USA;20;3;8;1;8;3.535353535;http://www.bbc.co.uk/news/world-us-canada-21997239#sa-ns_mchannel=rss&ns_source=PublicRSS20-sa
253487894;20130401;USA;USA;20;3;16;2;16;2.317811331;http://metronews.ca/news/regina/617148/arkansas-oil-spill-could-affect-keystone-approval-saskatchewan/
253487915;20130401;USA;USA;70;7;1;1;1;5.223880597;http://www.prnewswire.com/news-releases/detroit-women-raise-funds-for-needy-at-designer-shoe-auction-200940791.html
253487916;20130401;USA;USA;20;3;10;1;10;5.064935065;http://www.therecord.com/opinion/editorial/article/911746--another-view-obama-should-approve-keystone-pipeline
253487926;20130401;USA;PRK;20;3;2;1;2;2.396166134;http://www.usnews.com/news/articles/2013/04/01/us-deploys-more-stealth-planes-to-korean-peninsula?s_cid=rss:us-deploys-more-stealth-planes-to-korean-peninsula
253487927;20130401;USA;PRK;20;3;8;1;8;2.396166134;http://www.usnews.com/news/articles/2013/04/01/us-deploys-more-stealth-planes-to-korean-peninsula?s_cid=rss:us-deploys-more-stealth-planes-to-korean-peninsula
253487974;20130401;USA;ARG;20;3;2;1;2;0.894187779;http://www.reuters.com/article/2013/04/01/argentina-debt-cds-idUSL2N0CO0H220130401
253488025;20130401;USA;USA;20;3;8;1;8;1.098901099;http://www.upi.com/Top_News/US/2013/04/01/Judge-to-ask-Perry-for-interim-prosecutor/UPI-15361364828355/
253488026;20130401;USA;USA;214;3.4;4;1;4;2.264150943;http://www.suntimes.com/news/19155601-418/fbi-use-of-civilian-informants-raises-questions-after-timothy-forrests-murder.html
253488027;20130401;USA;USA;25;-0.3;2;1;2;1.839464883;http://www.bbc.co.uk/news/world-us-canada-21997800#sa-ns_mchannel=rss&ns_source=PublicRSS20-sa
253488028;20130401;USA;USA;25;-0.3;28;11;28;1.499556373;http://www.seattlepi.com/news/texas/article/Suspicion-in-DA-death-shifts-to-white-supremacists-4399262.php
253488029;20130401;USA;USA;25;-0.3;9;4;9;0.804390947;http://www.npr.org/templates/story/story.php?storyId=175892859
253488030;20130401;USA;USA;25;-0.3;1;1;1;1.175213675;http://www.seattlepi.com/news/texas/article/Suspicion-in-DA-death-shifts-to-white-supremacists-4399262.php
253488031;20130401;USA;USA;25;-0.3;10;3;10;1.346516639;http://www.chinapost.com.tw/international/americas/2013/04/02/374835/Texas-prosecutor.htm
253488032;20130401;USA;USA;25;-0.3;4;1;4;1.31147541;http://www.usatoday.com/story/news/nation/2013/04/01/kaufman-county-district-attorney-shooting-alert-texas/2042011/
253488033;20130401;USA;USA;25;-0.3;4;2;4;2.727272727;http://cnsnews.com/news/article/judge-rules-stockton-calif-enter-bankruptcy
253488034;20130401;USA;USA;25;-0.3;2;1;2;1.166666667;http://abcnews.go.com/US/wireStory/texas-das-killing-puts-prosecutors-alert-18852190
253488035;20130401;USA;USA;25;-0.3;2;1;2;1.192250373;http://abcnews.go.com/US/wireStory/ap-impact-cartels-dispatch-agents-deep-inside-us-18852076
253488036;20130401;USA;USA;25;-0.3;2;1;2;2.830188679;http://www.contracostatimes.com/breaking-news/ci_22916427/judge-rules-stockton-enter-bankruptcy?source=rss
253488111;20130401;USA;USA;20;3;2;1;2;2.682403433;http://www.usnews.com/opinion/blogs/peter-roff/2013/04/01/school-vouchers-inject-market-based-reform-into-schools?s_cid=rss:peter-roff:school-vouchers-inject-market-based-reform-into-schools
253488123;20130401;USA;USA;22;3.2;3;1;3;2.991452991;http://www.bizjournals.com/pacific/news/2013/04/01/caroline-kennedy-reportedly-in-line-to.html
253488124;20130401;USA;USA;22;3.2;2;1;2;2.991452991;http://www.bizjournals.com/pacific/news/2013/04/01/caroline-kennedy-reportedly-in-line-to.html
253488184;20130401;USA;AFG;70;7;5;1;5;0.751879699;http://www.therepublic.com/view/story/9d05b81d08c1423e98cf46a31434bc66/KY--Soldier-Killed-Family
253488185;20130401;USA;AFG;70;7;4;2;4;0;http://cnsnews.com/news/article/afghan-teenager-fatally-stabs-us-soldier
253488186;20130401;USA;AFG;70;7;2;1;2;0.751879699;http://www.therepublic.com/view/story/9d05b81d08c1423e98cf46a31434bc66/KY--Soldier-Killed-Family
253488189;20130401;USA;AFG;70;7;4;2;4;0;http://cnsnews.com/news/article/afghan-teenager-fatally-stabs-us-soldier
253488191;20130401;USA;AFR;70;7;3;2;3;2.541442719;http://abcnews.go.com/International/wireStory/african-republic-coup-leader-adds-roles-18852893
253488192;20130401;USA;AFR;70;7;1;1;1;2.537313433;http://www.npr.org/templates/story/story.php?storyId=175920843&ft=1&f=
253488193;20130401;USA;AFR;70;7;8;2;8;2.540410398;http://www.npr.org/templates/story/story.php?storyId=175920843&ft=1&f=
253488195;20130401;USA;ARE;70;7;1;1;1;0.968992248;http://www.businessweek.com/ap/2013-03-31/syria-accuses-rebels-of-setting-fire-to-oil-wells
253488196;20130401;USA;ARE;70;7;1;1;1;0.968992248;http://www.businessweek.com/ap/2013-03-31/syria-accuses-rebels-of-setting-fire-to-oil-wells
253488215;20130401;USA;DZA;70;7;2;1;2;2.204408818;http://www.lasvegassun.com/news/2013/apr/01/ml-algeria-southern-discomfort/
253488216;20130401;USA;DZA;70;7;4;1;4;2.204408818;http://www.lasvegassun.com/news/2013/apr/01/ml-algeria-southern-discomfort/
253488217;20130401;USA;DZA;70;7;4;1;4;2.204408818;http://www.lasvegassun.com/news/2013/apr/01/ml-algeria-southern-discomfort/
253488257;20130401;USA;LBN;70;7;30;2;30;1.537346808;http://www.seattlepi.com/news/world/article/6-000-Syrians-killed-in-March-deadliest-month-yet-4399519.php
253488274;20130401;USA;MMR;70;7;6;3;6;3.6325954;http://www.google.com/hostednews/ap/article/ALeqM5if2_-ZM0n2mb4cOSjCCynuDfNUIg?docId=f43fd7d7ea524c47b60ae5ef834338ba
253488275;20130401;USA;MMR;70;7;6;3;6;3.6325954;http://www.google.com/hostednews/ap/article/ALeqM5if2_-ZM0n2mb4cOSjCCynuDfNUIg?docId=f43fd7d7ea524c47b60ae5ef834338ba
253488283;20130401;USA;PAK;70;7;50;5;50;2.126474451;http://www.startribune.com/world/200864351.html
253488286;20130401;USA;PSE;70;7;4;1;4;1.232665639;http://www.chron.com/news/world/article/Hamas-says-in-final-round-of-leadership-vote-4399883.php
253488287;20130401;USA;PSE;70;7;14;3;14;1.345677033;http://cnsnews.com/news/article/hamas-says-final-round-leadership-vote
253488288;20130401;USA;PSE;70;7;2;2;2;1.348933552;http://www.chron.com/news/world/article/Hamas-says-in-final-round-of-leadership-vote-4399883.php
253488289;20130401;USA;PSE;70;7;1;1;1;1.263823065;http://cnsnews.com/news/article/hamas-says-final-round-leadership-vote
253488301;20130401;USA;USA;20;3;10;1;10;2.479338843;http://www.philippinetimes.com/index.php/sid/213539055/scat/2411cd3571b4f088
253488317;20130401;USA;USA;70;7;1;1;1;2.466793169;http://www.npr.org/templates/story/story.php?storyId=175892374&ft=1&f=
253488318;20130401;USA;USA;70;7;1;1;1;2.226345083;http://www.airforcetimes.com/news/2013/04/ap-north-korea-taps-reformist-premier-amid-tension-040113/
253488319;20130401;USA;USA;70;7;2;2;2;2.346569126;http://www.airforcetimes.com/news/2013/04/ap-north-korea-taps-reformist-premier-amid-tension-040113/
253488320;20130401;USA;USA;70;7;8;7;8;1.517909761;http://www.seattlepi.com/news/texas/article/Texas-DA-s-killing-puts-other-prosecutors-on-alert-4399262.php
253488321;20130401;USA;USA;70;7;15;3;15;0.812325569;http://cnsnews.com/news/article/suspicion-da-death-shifts-white-supremacists
253488322;20130401;USA;USA;70;7;1;1;1;1.175213675;http://www.seattlepi.com/news/texas/article/Suspicion-in-DA-death-shifts-to-white-supremacists-4399262.php
253488323;20130401;USA;USA;70;7;13;9;13;1.271811724;http://www.seattlepi.com/news/texas/article/Suspicion-in-DA-death-shifts-to-white-supremacists-4399262.php
253488324;20130401;USA;USA;70;7;1;1;1;0.59084195;http://www.npr.org/templates/story/story.php?storyId=175892859&ft=1&f=
253488325;20130401;USA;USA;70;7;3;3;3;0.874739564;http://www.npr.org/templates/story/story.php?storyId=175892859
253488326;20130401;USA;USA;70;7;1;1;1;2.292993631;http://www.npr.org/templates/story/story.php?storyId=175944796&ft=1&f=
253488327;20130401;USA;USA;70;7;3;2;3;1.53828755;http://cnsnews.com/news/article/buckwild-star-2-others-found-dead-wva
253488328;20130401;USA;USA;70;7;37;4;37;1.912985406;http://news.yahoo.com/buckwild-star-2-others-found-dead-w-va-184552846.html
253488329;20130401;USA;USA;70;7;4;4;4;1.250953667;http://www.huffingtonpost.com/2013/04/01/alaska-troopers-helicopter-crashes_n_2990906.html
253488330;20130401;USA;USA;70;7;1;1;1;1.277139208;http://www.startribune.com/world/200855621.html
253488331;20130401;USA;USA;70;7;3;3;3;0.788016492;http://abcnews.go.com/US/wireStory/family-grieves-relatives-dead-nevada-crash-18858075
253488332;20130401;USA;USA;70;7;1;1;1;1.594202899;http://www.miamiherald.com/2013/04/01/3318228/family-grieves-5-relatives-dead.html
253488333;20130401;USA;USA;70;7;1;1;1;2.712886209;http://minnesota.publicradio.org/display/web/2013/04/01/politics/rivals-legal-battle-over-abortion-bans?refid=0&utm_source=feedburner&utm_medium=feed&utm_campaign=Feed%3A+MPR_NewsFeatures+%28News+%26+Features+from+Minnesota+Public+Radio%29
253488334;20130401;USA;USA;70;7;2;2;2;0.78884281;http://news.yahoo.com/suspicion-da-death-shifts-white-supremacists-223215989.html
253488335;20130401;USA;USA;70;7;1;1;1;0.859291085;http://cnsnews.com/news/article/suspicion-da-death-shifts-white-supremacists
253488336;20130401;USA;USA;70;7;10;5;10;0.865457428;http://bostonherald.com/news_opinion/national/central/2013/04/suspect_in_colo_prison_chief_death_got_out_early
253488337;20130401;USA;USA;70;7;2;1;2;2.786377709;http://www.huffingtonpost.com/2013/03/31/abortion-laws_n_2988932.html?utm_hp_ref=politics
253488338;20130401;USA;USA;70;7;1;1;1;2.111486486;http://hosted2.ap.org/APDEFAULT/3d281c11a96b4ad082fe88aa0db04305/Article_2013-04-01-BUCKWILD%20Death/id-25486a1a74bb4478b74ea73c226f84ee
253488339;20130401;USA;USA;71;7.4;4;1;4;2.115384615;http://www.theglobeandmail.com/report-on-business/international-business/us-business/us-judge-approves-14-million-sac-insider-trading-settlement/article10635386/?cmpid=rss1
253488340;20130401;USA;USA;71;7.4;6;1;6;2.115384615;http://www.theglobeandmail.com/report-on-business/international-business/us-business/us-judge-approves-14-million-sac-insider-trading-settlement/article10635386/?cmpid=rss1
253488341;20130401;USA;USA;71;7.4;10;2;10;0;http://www.reuters.com/article/2013/04/01/fanniemae-bills-idUSL2N0CO0DL20130401?type=companyNews&feedType=RSS&feedName=companyNews
253488354;20130401;USA;USA;20;3;3;1;3;0.610687023;http://www.google.com/hostednews/ap/article/ALeqM5gIx6hotqat-w16qkOc_QLiXhJGYg?docId=baaaeece37774b4eb9f7e97ebe6dbfd8
253488365;20130401;USA;USA;70;7;10;5;10;0.865457428;http://bostonherald.com/news_opinion/national/central/2013/04/suspect_in_colo_prison_chief_death_got_out_early
253488367;20130401;USA;ZAF;70;7;4;2;4;2.540410398;http://www.npr.org/templates/story/story.php?storyId=175920843&ft=1&f=
253488409;20130401;USA;PRK;20;3;8;2;8;2.545219541;http://www.csmonitor.com/USA/Latest-News-Wires/2013/0401/US-jets-to-South-Korea-F-22-Stealth-fighters-join-drills-video?utm_source=feedburner&utm_medium=feed&utm_campaign=Feed%3A+feeds%2Fusa+%28Christian+Science+Monitor+%7C+USA%29
253488410;20130401;USA;PRK;20;3;1;1;1;2.255639098;http://www.panarmenian.net/eng/news/152256/
253488411;20130401;USA;PRK;25;-0.3;10;1;10;1.862197393;http://www.dw.de/south-korea-vows-retaliation-against-north-if-provoked/a-16711995?maca=en-rss-en-all-1573-rdf
253488412;20130401;USA;PRK;25;-0.3;20;1;20;1.944894652;http://www.dw.de/north-korea-appoints-new-premier-after-war-threats/a-16712967?maca=en-rss-en-all-1573-rdf
253488440;20130401;USA;USA;20;3;70;7;70;3.203022743;http://hosted.ap.org/dynamic/stories/U/US_CUBA_BLOGGER?SITE=FLPLA&SECTION=HOME&TEMPLATE=DEFAULT
253488529;20130401;WSM;NZL;20;3;12;1;12;0.964630225;http://www.3news.co.nz/Samoa-Airlines-charges-passengers-by-weight/tabid/420/articleID/292687/Default.aspx?utm_source=feedburner&utm_medium=feed&utm_campaign=Feed%3A+co%2FZTVs+%283News+-+Lifestyle+News%29
253488530;20130401;WSM;NZL;20;3;18;1;18;0.964630225;http://www.3news.co.nz/Samoa-Airlines-charges-passengers-by-weight/tabid/420/articleID/292687/Default.aspx?utm_source=feedburner&utm_medium=feed&utm_campaign=Feed%3A+co%2FZTVs+%283News+-+Lifestyle+News%29
253488531;20130401;WSM;WSM;20;3;30;1;30;0.964630225;http://www.3news.co.nz/Samoa-Airlines-charges-passengers-by-weight/tabid/420/articleID/292687/Default.aspx?utm_source=feedburner&utm_medium=feed&utm_campaign=Feed%3A+co%2FZTVs+%283News+-+Lifestyle+News%29
253488534;20130401;YEM;AUT;234;3.4;1;1;1;1.724137931;http://www.upi.com/Top_News/World-News/2013/04/01/Yemen-vows-to-find-kidnapped-European-trio/UPI-38471364841112/
253488535;20130401;YEM;AUT;234;3.4;1;1;1;1.724137931;http://www.upi.com/Top_News/World-News/2013/04/01/Yemen-vows-to-find-kidnapped-European-trio/UPI-38471364841112/
253488585;20130401;YEM;YEM;20;3;56;4;56;1.679286501;http://in.reuters.com/article/2013/04/01/yemen-saudi-expatriates-idINDEE9300AA20130401?feedType=RSS&feedName=worldNews
253488612;20130401;ZAF;AFR;20;3;8;1;8;2.123142251;http://www.iol.co.za/news/south-africa/nsri-kept-busy-over-easter-weekend-1.1493998
253488629;20130401;ZAF;CAF;256;-0.3;2;1;2;2.023121387;http://www.news24.com/SouthAfrica/Politics/DAs-CAR-call-misguided-ANC-20130401
253488630;20130401;ZAF;CAF;70;7;1;1;1;2.464065708;http://www.bloomberg.com/news/2013-04-01/central-african-republic-leader-appoints-government.html
253488660;20130401;ZAF;ZAF;70;7;3;1;3;2.464065708;http://www.bloomberg.com/news/2013-04-01/central-african-republic-leader-appoints-government.html
253488669;20130401;ZAF;AFR;20;3;6;1;6;6.52173913;http://www.philippinetimes.com/index.php/sid/213536962/scat/2411cd3571b4f088
253488674;20130401;ZAF;PHL;20;3;3;1;3;6.52173913;http://www.philippinetimes.com/index.php/sid/213536962/scat/2411cd3571b4f088
